code,name,status,codeforiati:plan-year,codeforiati:plan-type,codeforiati:plan-end-date,codeforiati:plan-start-date
HAFG25,Afghanistan Humanitarian Needs and Response Plan 2025,active,2025,Humanitarian needs and response plan,2025-12-31,2025-01-01
RIRNPAK25,Afghanistan Situation Regional Refugee Response Plan 2025,active,2025,Regional response plan,2025-12-31,2025-01-01
OBGD25,Bangladesh Cyclone Remal and Monsoon Floods Response Plan 2025,active,2025,Other,2025-03-31,2025-01-01
HBFA25,Burkina Faso Besoins Humanitaires et Plan de Réponse 2025,active,2025,Humanitarian needs and response plan,2025-12-31,2025-01-01
HCMR25,Cameroon Humanitarian Response Plan 2025,active,2025,Humanitarian response plan,2025-12-31,2025-01-01
HCOL25,Colombia Necesidades Humanitarias y Plan de Respuesta 2025,active,2025,Humanitarian needs and response plan,2025-12-31,2025-01-01
RDRC_RRP25,Democratic Republic of the Congo Regional Refugee Response Plan 2025,active,2025,Regional response plan,2025-12-31,2025-01-01
HSLV25,El Salvador Necesidades Humanitarias y Plan de Respuesta 2025,active,2025,Humanitarian needs and response plan,2025-12-31,2025-01-01
FPSE25,Escalation of Hostilities in the OPT Flash Appeal 2025,active,2025,Flash appeal,2025-12-31,2025-01-01
HGTM25,Guatemala Necesidades Humanitarias y Plan de Respuesta 2025,active,2025,Humanitarian needs and response plan,2025-12-31,2025-01-01
HHTI25,Haiti Besoins Humanitaires et Plan de Réponse 2025,active,2025,Humanitarian needs and response plan,2025-12-31,2025-01-01
HHND25,Honduras Necesidades Humanitarias y Plan de Respuesta 2025,active,2025,Humanitarian needs and response plan,2025-12-31,2025-01-01
FLBN25,Lebanon Flash Appeal 2025,active,2025,Flash appeal,2025-03-31,2025-01-01
FMWI25,Malawi Drought Response Flash Appeal 2025,active,2025,Flash appeal,2025-06-01,2025-01-01
HMLI25,Mali Besoins Humanitaires et Plan de Réponse 2025,active,2025,Humanitarian needs and response plan,2025-12-31,2025-01-01
FMOZ25,Mozambique Drought Flash Appeal 2025,active,2025,Flash appeal,2025-07-31,2025-01-01
HMOZ25,Mozambique Humanitarian Needs and Response Plan 2025,active,2025,Humanitarian needs and response plan,2025-12-31,2025-01-01
FMOZ25a,Mozambique Tropical Cyclones Flash Appeal 2025,active,2025,Flash appeal,2025-06-30,2025-01-01
HMMR25a,Myanmar Earthquake HNRP Flash Addendum 2025,active,2025,Humanitarian needs and response plan,2025-12-31,2025-04-01
HMMR25b,Myanmar Original Humanitarian Needs and Response Plan 2025,active,2025,Humanitarian needs and response plan,2025-12-31,2025-01-01
HNER25,Niger Besoins Humanitaires et Plan de Réponse 2025,active,2025,Humanitarian needs and response plan,2025-12-31,2025-01-01
HNGA25,Nigeria Humanitarian Needs and Response Plan 2025,active,2025,Humanitarian needs and response plan,2025-12-31,2025-01-01
OPHL25,Philippines Tropical Cyclones and Floods Humanitarian Needs and Priorities 2025,active,2025,Other,2025-04-30,2025-01-01
RRHOAY25,Regional Migrant Response Plan for Horn of Africa to Yemen and Southern Africa 2025,active,2025,Regional response plan,2025-12-31,2025-01-01
RBGD25,Rohingya Humanitarian Crisis Joint Response Plan 2025,active,2025,Regional response plan,2025-12-31,2025-01-01
HCAF25,République Centrafricaine Besoins Humanitaires et Plan de Réponse 2025,active,2025,Humanitarian needs and response plan,2025-12-31,2025-01-01
HCOD25,République Démocratique du Congo Besoins Humanitaires et Plan de Réponse 2025,active,2025,Humanitarian needs and response plan,2025-12-31,2025-01-01
HSOM25,Somalia Humanitarian Needs and Response Plan 2025,active,2025,Humanitarian needs and response plan,2025-12-31,2025-01-01
HSSD25,South Sudan Humanitarian Needs and Response Plan 2025,active,2025,Humanitarian needs and response plan,2025-12-31,2025-01-01
RETHKENUGA25,South Sudan Regional Refugee Response Plan 2025,active,2025,Regional response plan,2025-12-31,2025-01-01
RRSDN25,Sudan Emergency: Regional Refugee Response Plan 2025,active,2025,Regional response plan,2025-12-31,2025-01-01
HSDN25,Sudan Humanitarian Needs and Response Plan 2025,active,2025,Humanitarian needs and response plan,2025-12-31,2025-01-01
FSYR25,Syrian Arab Republic Humanitarian Response Priorities – January-December 2025,active,2025,Flash appeal,2025-12-31,2025-01-01
RSYR25,Syrian Arab Republic Regional Refugee and Resilience Plan (3RP) 2025,active,2025,Regional response plan,2025-12-31,2025-01-01
HTCD25,Tchad Besoins Humanitaires et Plan de Réponse 2025,active,2025,Humanitarian needs and response plan,2025-12-31,2025-01-01
HUKR25,Ukraine Humanitarian Needs and Response Plan 2025,active,2025,Humanitarian needs and response plan,2025-12-31,2025-01-01
RUKRN25,Ukraine Situation Regional Refugee Response Plan 2025,active,2025,Regional response plan,2025-12-31,2025-01-01
HVEN25,Venezuela Plan de Respuesta Humanitaria 2025,active,2025,Humanitarian response plan,2025-12-31,2025-01-01
RREG25,Venezuela Regional Refugee and Migrant Response Plan (RMRP) 2025,active,2025,Regional response plan,2025-12-31,2025-01-01
OVNM25,Viet Nam Joint Response Plan for Typhoon Yagi and Floods 2025,active,2025,Other,2025-06-30,2025-01-01
HYEM25,Yemen Humanitarian Needs and Response Plan 2025,active,2025,Humanitarian needs and response plan,2025-12-31,2025-01-01
FZMB25,Zambia Drought Flash Appeal 2025,active,2025,Flash appeal,2025-06-30,2025-01-01
FZWE25,Zimbabwe Drought Flash Appeal 2025,active,2025,Flash appeal,2025-06-01,2025-01-01
HAFG24,Afghanistan Humanitarian Needs and Response Plan 2024,active,2024,Humanitarian needs and response plan,2024-12-31,2024-01-01
RAFG_RRP24,Afghanistan Situation Regional Refugee Response Plan 2024,active,2024,Regional response plan,2024-12-31,2024-01-01
OBGD24,Bangladesh Cyclone Remal and Monsoon Floods Response Plan 2024,active,2024,Other,2024-12-31,2024-06-01
HBFA24,Burkina Faso Plan de Réponse Humanitaire 2024,active,2024,Humanitarian response plan,2024-12-31,2024-01-01
OBDI24,Burundi Plan de Réponse Inondations et Montée du Lac Tanganyika (Effets El-Niño) 2024,active,2024,Other,2024-12-31,2024-03-01
HCMR24,Cameroon Humanitarian Response Plan 2024,active,2024,Humanitarian response plan,2024-12-31,2024-01-01
HCOL24,Colombia Plan de Respuesta a Prioridades Comunitarias Colombia 2024 - 2025,active,2024,Humanitarian needs and response plan,2024-12-31,2024-01-01
FPSE24,Escalation of Hostilities in the OPT Flash Appeal 2024,active,2024,Flash appeal,2024-12-31,2024-01-01
RDRC_RRP24,Democratic Republic of the Congo Regional Refugee Response Plan 2024,active,2024,Regional response plan,2024-12-31,2024-01-01
HSLV24,El Salvador Plan de Respuesta Humanitaria 2024,active,2024,Humanitarian response plan,2024-12-31,2024-01-01
HETH24,Ethiopia Humanitarian Response Plan 2024,active,2024,Humanitarian response plan,2024-12-31,2024-01-01
FFA24,Grenada Hurricane Beryl Flash Appeal 2024,active,2024,Flash appeal,2024-12-31,2024-07-03
HGTM24,Guatemala Plan de Respuesta Humanitaria 2024,active,2024,Humanitarian response plan,2024-12-31,2024-01-01
HHTI24,Haïti Besoins Humanitaires et Plan de Réponse 2024,active,2024,Humanitarian needs and response plan,2024-12-31,2024-01-01
HHND24,Honduras Necesidades Humanitarias y Plan de Respuesta 2024,active,2024,Humanitarian needs and response plan,2024-12-31,2024-01-01
OSYR24,Inter-Agency Emergency Appeal for the Influx from Lebanon to Syria 2024,active,2024,Other,2024-12-31,2024-10-01
FLBN24,Lebanon Flash Appeal 2024,active,2024,Flash appeal,2024-12-31,2024-10-01
FLBY24,Libya Flood Response Flash Appeal 2024,active,2024,Flash appeal,2024-06-30,2024-01-01
FMDG24,Madagascar Grand Sud and Grand Sud-Est Flash Appeal 2024,active,2024,Flash appeal,2024-05-31,2024-01-01
FMWI24,Malawi Drought Response Flash Appeal 2024,active,2024,Flash appeal,2024-12-31,2024-07-15
HMLI24,Mali Besoins Humanitaires et Plan de Réponse 2024,active,2024,Humanitarian needs and response plan,2024-12-31,2024-01-01
OMNG2324,Mongolia Dzud Response Plan 2024,active,2024,Other,2024-05-31,2023-12-01
FMOZ24,Mozambique Drought Flash Appeal 2024,active,2024,Flash appeal,2024-12-31,2024-08-01
HMOZ24,Mozambique Humanitarian Needs and Response Plan 2024,active,2024,Humanitarian needs and response plan,2024-12-31,2024-01-01
HMMR24,Myanmar Humanitarian Needs and Response Plan 2024,active,2024,Humanitarian needs and response plan,2024-12-31,2024-01-01
ONPL24,Nepal Humanitarian Needs and Priorities Floods Response Plan 2024,active,2024,Other,2024-12-31,2024-10-07
HNER24,Niger Besoins Humanitaires et Plan de Réponse 2024,active,2024,Humanitarian needs and response plan,2024-12-31,2024-01-01
HNGA24,Nigeria Humanitarian Response Plan 2024,active,2024,Humanitarian response plan,2024-12-31,2024-01-01
OPHL24,Philippines Tropical Cyclones and Floods Humanitarian Needs and Priorities 2024,active,2024,Other,2024-12-31,2024-11-13
HPSE24,Occupied Palestinian Territory Humanitarian Response Plan 2024,withdrawn,2024,Humanitarian response plan,2024-12-31,2024-01-01
RRHOAY24,Regional Migrant Response Plan for Horn of Africa to Yemen and Southern Africa 2024,active,2024,Regional response plan,2024-12-31,2024-01-01
HCAF24,République Centrafricaine Plan de Réponse Humanitaire 2024,active,2024,Humanitarian response plan,2024-12-31,2024-01-01
HCOD24,République Démocratique du Congo Plan de Réponse Humanitaire 2024,active,2024,Humanitarian response plan,2024-12-31,2024-01-01
RBGD24,Rohingya Humanitarian Crisis Joint Response Plan 2024,active,2024,Regional response plan,2024-12-31,2024-01-01
FVCT24,Saint Vincent and The Grenadines Hurricane Beryl Flash Appeal 2024,active,2024,Flash appeal,2024-12-31,2024-07-03
HSOM24,Somalia Humanitarian Needs and Response Plan 2024,active,2024,Humanitarian needs and response plan,2024-12-31,2024-01-01
HSSD24,South Sudan Humanitarian Needs and Response Plan 2024,active,2024,Humanitarian needs and response plan,2024-12-31,2024-01-01
RETHKENUGA24,South Sudan Regional Refugee Response Plan 2024,active,2024,Regional response plan,2024-12-31,2024-01-01
RRSDN24,Sudan Emergency: Regional Refugee Response Plan 2024,active,2024,Regional response plan,2024-12-31,2024-01-01
HSDN24,Sudan Humanitarian Needs and Response Plan 2024,active,2024,Humanitarian needs and response plan,2024-12-31,2024-01-01
HSYR24,Syrian Arab Republic Humanitarian Response Plan 2024,active,2024,Humanitarian response plan,2024-12-31,2024-01-01
RSYR24,Syrian Arab Republic Regional Refugee and Resilience Plan (3RP) 2024,active,2024,Regional response plan,2024-12-31,2024-01-01
HTCD24,Tchad Besoins Humanitaires et Plan de Réponse 2024,active,2024,Humanitarian needs and response plan,2024-12-31,2024-01-01
HUKR24,Ukraine Humanitarian Needs and Response Plan 2024,active,2024,Humanitarian needs and response plan,2024-12-31,2024-01-01
RUKRN24,Ukraine Situation Regional Refugee Response Plan 2024,active,2024,Regional response plan,2024-12-31,2024-01-01
HVEN24,Venezuela Plan de Respuesta Humanitaria 2024,active,2024,Humanitarian response plan,2024-12-31,2024-01-01
RREG24,Venezuela Regional Refugee and Migrant Response Plan (RMRP) 2024,active,2024,Regional response plan,2024-12-31,2024-01-01
OVNM24,Viet Nam Joint Response Plan for Typhoon Yagi and Floods 2024,active,2024,Other,2024-12-31,2024-09-27
HYEM24,Yemen Humanitarian Response Plan 2024,active,2024,Humanitarian response plan,2024-12-31,2024-01-01
FZMB24,Zambia Drought Flash Appeal 2024,active,2024,Flash appeal,2024-12-31,2024-05-01
FZWE24,Zimbabwe Drought Flash Appeal 2024,active,2024,Flash appeal,2024-12-31,2024-05-01
HAFG23,Afghanistan Humanitarian Response Plan 2023,active,2023,Humanitarian response plan,2023-12-31,2023-01-01
RAFG23,Afghanistan Situation Regional Refugee Response Plan 2023,active,2023,Regional response plan,2023-12-31,2023-01-01
HBFA23,Burkina Faso Plan de Réponse Humanitaire 2023,active,2023,Humanitarian response plan,2023-12-31,2023-01-01
HBDI23,Burundi Plan de Réponse Humanitaire 2023,active,2023,Humanitarian response plan,2023-12-31,2023-01-01
HCMR23,Cameroon Humanitarian Response Plan 2023,active,2023,Humanitarian response plan,2023-12-31,2023-01-01
HCOL23,Colombia Plan de Respuesta Humanitaria 2023,active,2023,Humanitarian response plan,2023-12-31,2023-01-01
RDRCRRP23,Democratic Republic of the Congo Regional Refugee Response Plan 2023,active,2023,Regional response plan,2023-12-31,2023-01-01
HSLV23,El Salvador Plan de Respuesta Humanitaria 2023,active,2023,Humanitarian response plan,2023-12-31,2023-01-01
FPSE23,Escalation of Hostilities in the OPT Flash Appeal 2023,active,2023,Flash appeal,2023-12-31,2023-10-01
FMWI23,Malawi Cholera and Floods Flash Appeal 2023,active,2023,Flash appeal,2023-12-31,2023-01-01
HETH23,Ethiopia Humanitarian Response Plan 2023,active,2023,Humanitarian response plan,2023-12-31,2023-01-01
HGTM23,Guatemala Plan de Respuesta Humanitaria 2023,active,2023,Humanitarian response plan,2023-12-31,2023-01-01
HHTI23,Haïti Plan de Réponse Humanitaire 2023,active,2023,Humanitarian response plan,2023-12-31,2023-01-01
HHND23,Honduras Plan de Respuesta Humanitaria 2023,active,2023,Humanitarian response plan,2023-12-31,2023-01-01
FKEN23,Kenya Drought Response Plan 2023,active,2023,Flash appeal,2023-12-31,2023-01-01
OLBN23,Lebanon Emergency Response Plan 2023,active,2023,Other,2023-12-31,2023-01-01
FLBY23,Libya Flood Response Flash Appeal 2023,active,2023,Flash appeal,2023-12-31,2023-09-14
FMDG23,Madagascar Grand Sud and Grand Sud-Est Flash Appeal 2023,active,2023,Flash appeal,2023-12-31,2023-01-01
HMLI23,Mali Plan de Réponse Humanitaire 2023,active,2023,Humanitarian response plan,2023-12-31,2023-01-01
OMNG2223,Mongolia Dzud Early Action and Response Plan 2023,active,2023,Other,2023-05-31,2022-12-01
OMOZ23,"Mozambique Cyclone Freddy, Floods and Cholera Response Plan 2023",active,2023,Other,2023-09-30,2023-03-01
HMOZ23,Mozambique Humanitarian Response Plan 2023,active,2023,Humanitarian response plan,2023-12-31,2023-01-01
HMMR23,Myanmar Humanitarian Response Plan 2023,active,2023,Humanitarian response plan,2023-12-31,2023-01-01
HNER23,Niger Plan de Réponse Humanitaire 2023,active,2023,Humanitarian response plan,2023-12-31,2023-01-01
HNGA23,Nigeria Humanitarian Response Plan 2023,active,2023,Humanitarian response plan,2023-12-31,2023-01-01
HPSE23,Occupied Palestinian Territory Humanitarian Response Plan 2023,active,2023,Humanitarian response plan,2023-09-30,2023-01-01
OPAK23,Pakistan Floods Response Plan 2023,active,2023,Other,2023-05-31,2023-01-01
RDJIETHSOM23,Regional Migrant Response Plan for the Horn of Africa and Yemen 2023,active,2023,Regional response plan,2023-12-31,2023-01-01
RDJIETHSOMYEM23,Regional Migrant Response Plan for the Horn of Africa and Yemen 2023,withdrawn,2023,Regional response plan,2023-12-31,2023-01-01
HCAF23,République Centrafricaine Plan de Réponse Humanitaire 2023,active,2023,Humanitarian response plan,2023-12-31,2023-01-01
HCOD23,République Démocratique du Congo Plan de Réponse Humanitaire 2023,active,2023,Humanitarian response plan,2023-12-31,2023-01-01
RBGD23,Rohingya Humanitarian Crisis Joint Response Plan 2023,active,2023,Regional response plan,2023-12-31,2023-01-01
HSOM23,Somalia Humanitarian Response Plan 2023,active,2023,Humanitarian response plan,2023-12-31,2023-01-01
HSSD23,South Sudan Humanitarian Response Plan 2023,active,2023,Humanitarian response plan,2023-12-31,2023-01-01
RETHKENUGA23,South Sudan Regional Refugee Response Plan 2023,active,2023,Regional response plan,2023-12-31,2023-01-01
RRSDN23,Sudan Emergency: Regional Refugee Response Plan 2023,active,2023,Regional response plan,2023-10-31,2023-05-01
HSDN23,Sudan Humanitarian Response Plan 2023,active,2023,Humanitarian response plan,2023-12-31,2023-01-01
FSYR23,Syria Earthquake Flash Appeal 2023,active,2023,Flash appeal,2023-05-31,2023-02-13
HSYR23,Syrian Arab Republic Humanitarian Response Plan 2023,active,2023,Humanitarian response plan,2023-12-31,2023-01-01
FTUR23,Türkiye Earthquake Flash Appeal 2023,active,2023,Flash appeal,2023-05-31,2023-02-16
RSYR23,Syrian Arab Republic Regional Refugee and Resilience Plan (3RP) 2023,active,2023,Regional response plan,2023-12-31,2023-01-01
HTCD23,Tchad Plan de Réponse Humanitaire 2023,active,2023,Humanitarian response plan,2023-12-31,2023-01-01
HUKR23,Ukraine Humanitarian Response Plan 2023,active,2023,Humanitarian response plan,2023-12-31,2023-01-01
RUKRN23,Ukraine Situation Regional Refugee Response Plan 2023,active,2023,Regional response plan,2023-12-31,2023-01-01
HVEN23,Venezuela Plan de Respuesta Humanitaria 2023,active,2023,Humanitarian response plan,2023-12-31,2023-01-01
RREG23,Venezuela Regional Refugee and Migrant Response Plan (RMRP) 2023,active,2023,Regional response plan,2023-12-31,2023-01-01
HYEM23,Yemen Humanitarian Response Plan 2023,active,2023,Humanitarian response plan,2023-12-31,2023-01-01
HAFG22,Afghanistan Humanitarian Response Plan 2022,active,2022,Humanitarian response plan,2022-12-31,2022-01-01
RAFG22,Afghanistan Situation Regional Refugee Response Plan 2022,active,2022,Regional response plan,2022-12-31,2022-01-01
RBGD22,Rohingya Humanitarian Crisis Joint Response Plan 2022,active,2022,Regional response plan,2022-12-31,2022-01-01
HBFA22,Burkina Faso Plan de Réponse Humanitaire 2022,active,2022,Humanitarian response plan,2022-12-31,2022-01-01
HBDI22,Burundi Plan de Réponse Humanitaire 2022,active,2022,Humanitarian response plan,2022-12-31,2022-01-01
HCMR22,Cameroon Humanitarian Response Plan 2022,active,2022,Humanitarian response plan,2022-12-31,2022-01-01
HCOL22,Colombia Plan de Respuesta Humanitaria 2022,active,2022,Humanitarian response plan,2022-12-31,2022-01-01
OCUB2223,Cuba Hurricane Ian Response - Plan of Action 2022,active,2022,Other,2023-03-31,2022-10-20
RDRCRRP22,Democratic Republic of the Congo Regional Refugee Response Plan 2022,active,2022,Regional response plan,2022-12-31,2022-01-01
HSLV22,El Salvador Plan de Respuesta Humanitaria 2022,active,2022,Humanitarian response plan,2022-12-31,2022-01-01
HETH22,Ethiopia Humanitarian Response Plan 2022,active,2022,Humanitarian response plan,2022-12-31,2022-01-01
HGTM22,Guatemala Plan de Respuesta Humanitaria 2022,active,2022,Humanitarian response plan,2022-12-31,2022-01-01
FHTI2223,Haïti Choléra+ Appel Éclair 2022,active,2022,Flash appeal,2023-04-15,2022-10-16
FHTI22,Haiti Cholera+ Flash Appeal 2022,withdrawn,2022,Flash appeal,2022-12-31,2022-10-16
HHTI22,Haïti Plan de Réponse Humanitaire 2022,active,2022,Humanitarian response plan,2022-12-31,2022-01-01
HHND22,Honduras Plan de Respuesta Humanitaria 2022,active,2022,Humanitarian response plan,2022-12-31,2022-01-01
HIRQ22,Iraq Humanitarian Response Plan 2022,active,2022,Humanitarian response plan,2022-12-31,2022-01-01
FKEN22,Kenya Drought Flash Appeal 2022,active,2022,Flash appeal,2022-10-31,2022-01-01
OLBN22,Lebanon Emergency Response Plan 2022,active,2022,Other,2022-12-31,2022-01-01
HLBY22,Libya Humanitarian Response Plan 2022,active,2022,Humanitarian response plan,2022-12-31,2022-01-01
FMDG22,Madagascar Grand Sud and Grand Sud-Est Flash Appeal 2022,active,2022,Flash appeal,2022-12-31,2022-01-01
FMWI22,Malawi Flash Appeal 2022,active,2022,Flash appeal,2022-05-31,2022-02-26
HMLI22,Mali Plan de Réponse Humanitaire 2022,active,2022,Humanitarian response plan,2022-12-31,2022-01-01
FMOZ22,Mozambique Gombe Emergency Response Plan 2022,active,2022,Flash appeal,2022-09-30,2022-04-01
HMOZ22,Mozambique Humanitarian Response Plan 2022,active,2022,Humanitarian response plan,2022-12-31,2022-01-01
HMMR22,Myanmar Humanitarian Response Plan 2022,active,2022,Humanitarian response plan,2022-12-31,2022-01-01
HNER22,Niger Plan de Réponse Humanitaire 2022,active,2022,Humanitarian response plan,2022-12-31,2022-01-01
HNGA22,Nigeria Humanitarian Response Plan 2022,active,2022,Humanitarian response plan,2022-12-31,2022-01-01
HPSE22,Occupied Palestinian Territory Humanitarian Response Plan 2022,active,2022,Humanitarian response plan,2022-12-31,2022-01-01
OPAK22,Pakistan Floods Response Plan 2022,active,2022,Other,2022-12-31,2022-09-01
OPAK2223,Pakistan Floods Response Plan 2022,withdrawn,2022,Other,2023-02-28,2022-09-01
OPHL2122,Philippines Super Typhoon Rai (Odette) Humanitarian Needs and Priorities 2022,active,2022,Other,2022-06-30,2021-12-24
RREG22,Venezuela Regional Refugee and Migrant Response Plan (RMRP) 2022,active,2022,Regional response plan,2022-12-31,2022-01-01
RDJIETHSOMYEM22,Regional Migrant Response Plan for the Horn of Africa and Yemen 2022,active,2022,Regional response plan,2022-12-31,2022-01-01
HCAF22,République Centrafricaine Plan de Réponse Humanitaire 2022,active,2022,Humanitarian response plan,2022-12-31,2022-01-01
HCOD22,République Démocratique du Congo Plan de Réponse Humanitaire 2022,active,2022,Humanitarian response plan,2022-12-31,2022-01-01
HSOM22,Somalia Humanitarian Response Plan 2022,active,2022,Humanitarian response plan,2022-12-31,2022-01-01
HSSD22,South Sudan Humanitarian Response Plan 2022,active,2022,Humanitarian response plan,2022-12-31,2022-01-01
RSSDRRP22,South Sudan Regional Refugee Response Plan 2022,active,2022,Regional response plan,2022-12-31,2022-01-01
OLKA22,Sri Lanka Multi-Dimensional Crisis Humanitarian Needs and Priorities 2022,active,2022,Other,2022-12-31,2022-06-09
HSDN22,Sudan Humanitarian Response Plan 2022,active,2022,Humanitarian response plan,2022-12-31,2022-01-01
HSYR22,Syrian Arab Republic Humanitarian Response Plan 2022 - 2023,active,2022,Humanitarian response plan,2022-12-31,2022-01-01
RSYR22,Syrian Arab Republic Regional Refugee and Resilience Plan (3RP) 2022,active,2022,Regional response plan,2022-12-31,2022-01-01
HTCD22,Tchad Plan de Réponse Humanitaire 2022,active,2022,Humanitarian response plan,2022-12-31,2022-01-01
FUKR22,Ukraine Flash Appeal 2022,active,2022,Flash appeal,2022-12-31,2022-03-01
HUKR22,Ukraine Humanitarian Response Plan 2022,active,2022,Humanitarian response plan,2022-12-31,2022-01-01
RUKRN22,Ukraine Situation Regional Refugee Response Plan 2022,active,2022,Regional response plan,2022-08-31,2022-03-01
HVEN22,Venezuela Plan de Respuesta Humanitaria 2022,active,2022,Humanitarian response plan,2022-12-31,2022-01-01
HYEM22,Yemen Humanitarian Response Plan 2022,active,2022,Humanitarian response plan,2022-12-31,2022-01-01
FAFG21,Afghanistan Flash Appeal 2021,active,2021,Flash appeal,2021-12-31,2021-09-01
HAFG21,Afghanistan Humanitarian Response Plan 2021,active,2021,Humanitarian response plan,2021-12-31,2021-01-01
RBGD21,Rohingya Humanitarian Crisis Joint Response Plan 2021,active,2021,Regional response plan,2021-12-31,2021-01-01
HBFA21,Burkina Faso Plan de Réponse Humanitaire 2021,active,2021,Humanitarian response plan,2021-12-31,2021-01-01
HBDI21,Burundi Plan de Réponse Humanitaire 2021,active,2021,Humanitarian response plan,2021-12-31,2021-01-01
RRWATZAUGA21,Burundi Regional Refugee Response Plan 2021,active,2021,Regional response plan,2021-12-31,2021-01-01
HCMR21,Cameroon Humanitarian Response Plan 2021,active,2021,Humanitarian response plan,2021-12-31,2021-01-01
HCAF21,République Centrafricaine Plan de Réponse Humanitaire 2021,active,2021,Humanitarian response plan,2021-12-31,2021-01-01
HTCD21,Tchad Plan de Réponse Humanitaire 2021,active,2021,Humanitarian response plan,2021-12-31,2021-01-01
HCOL21,Colombia Plan de Respuesta Humanitaria 2021,active,2021,Humanitarian response plan,2021-12-31,2021-01-01
HCOD21,République Démocratique du Congo Plan de Réponse Humanitaire 2021,active,2021,Humanitarian response plan,2021-12-31,2021-01-01
RDRCRRP21,Democratic Republic of the Congo Regional Refugee Response Plan 2021,active,2021,Regional response plan,2021-12-31,2021-01-01
HSLV21,El Salvador Plan de Respuesta Humanitaria 2021,active,2021,Humanitarian response plan,2021-12-31,2021-08-01
HSLV2122,El Salvador Plan de Respuesta Humanitario 2021,withdrawn,2021,Humanitarian response plan,2022-12-31,2021-08-01
FPSE21,Escalation of Hostilities in the OPT Flash Appeal 2021,active,2021,Flash appeal,2021-08-27,2021-05-27
HETH21,Ethiopia Humanitarian Response Plan 2021,active,2021,Humanitarian response plan,2021-12-31,2021-01-01
HGTM21,Guatemala Plan de Respuesta Humanitaria 2021,active,2021,Humanitarian response plan,2021-12-31,2021-08-01
HGTM2122,Guatemala Plan de Respuesta Humanitario 2021,withdrawn,2021,Humanitarian response plan,2022-12-31,2021-08-01
FHTI2122,Haiti Earthquake Flash Appeal 2021,active,2021,Flash appeal,2022-02-15,2021-08-16
HHTI21,Haïti Plan de Réponse Humanitaire 2021,active,2021,Humanitarian response plan,2021-12-31,2021-01-01
FHND2021,Honduras Tropical Storm Eta Flash Appeal 2021,active,2021,Flash appeal,2021-06-30,2020-11-15
HHND21,Honduras Plan de Respuesta Humanitaria 2021,active,2021,Humanitarian response plan,2021-12-31,2021-08-01
HHND2122,Honduras Plan de Respuesta Humanitario 2021,withdrawn,2021,Humanitarian response plan,2022-12-31,2021-08-01
HIRQ21,Iraq Humanitarian Response Plan 2021,active,2021,Humanitarian response plan,2021-12-31,2021-01-01
FKEN21,Kenya Drought Flash Appeal 2021,active,2021,Flash appeal,2021-12-31,2021-10-01
OLBN2122,Lebanon Emergency Response Plan 2021,active,2021,Other,2022-07-31,2021-08-03
HLBY21,Libya Humanitarian Response Plan 2021,active,2021,Humanitarian response plan,2021-12-31,2021-01-01
FMDG2122,Madagascar's Grand Sud Flash Appeal 2021,withdrawn,2021,Flash appeal,2022-05-31,2021-01-01
FMDG21,Madagascar Grand Sud Flash Appeal 2021,active,2021,Flash appeal,2021-12-31,2021-01-01
HMLI21,Mali Plan de Réponse Humanitaire 2021,active,2021,Humanitarian response plan,2021-12-31,2021-01-01
HMOZ21,Mozambique Humanitarian Response Plan 2021,active,2021,Humanitarian response plan,2021-12-31,2021-01-01
HMMR21,Myanmar Humanitarian Response Plan 2021,active,2021,Humanitarian response plan,2021-12-31,2021-01-01
OMMR21,Myanmar Interim Emergency Response Plan 2021,active,2021,Other,2021-12-31,2021-07-01
ONPL21,Nepal Intersectoral COVID-19 Response Plan 2021,active,2021,Other,2021-12-31,2021-05-01
HNER21,Niger Plan de Réponse Humanitaire 2021,active,2021,Humanitarian response plan,2021-12-31,2021-01-01
HNGA21,Nigeria Humanitarian Response Plan 2021,active,2021,Humanitarian response plan,2021-12-31,2021-01-01
FETH21,Northern Ethiopia Response Plan 2021,active,2021,Flash appeal,2021-12-31,2021-05-01
OETH21,Northern Ethiopia Response Plan 2021,withdrawn,2021,Other,2021-12-31,2021-05-01
HPSE21,Occupied Palestinian Territory Humanitarian Response Plan 2021,active,2021,Humanitarian response plan,2021-12-31,2021-01-01
HPAK21,Pakistan Humanitarian Response Plan 2021,active,2021,Humanitarian response plan,2021-12-31,2021-01-01
RREG21,Venezuela Regional Refugee and Migrant Response Plan (RMRP) 2021,active,2021,Regional response plan,2021-12-31,2021-01-01
RDJIETHSOMYEM21,Regional Migrant Response Plan for the Horn of Africa and Yemen 2021,active,2021,Regional response plan,2021-12-31,2021-01-01
HSOM21,Somalia Humanitarian Response Plan 2021,active,2021,Humanitarian response plan,2021-12-31,2021-01-01
HSSD21,South Sudan Humanitarian Response Plan 2021,active,2021,Humanitarian response plan,2021-12-31,2021-01-01
RETHKENUGA21,South Sudan Regional Refugee Response Plan 2021,active,2021,Regional response plan,2021-12-31,2021-01-01
HSDN21,Sudan Humanitarian Response Plan 2021,active,2021,Humanitarian response plan,2021-12-31,2021-01-01
HSYR21,Syrian Arab Republic Humanitarian Response Plan 2021,active,2021,Humanitarian response plan,2021-12-31,2021-01-01
RSYR21,Syrian Arab Republic Regional Refugee and Resilience Plan (3RP) 2021,active,2021,Regional response plan,2021-12-31,2021-01-01
HUKR21,Ukraine Humanitarian Response Plan 2021,active,2021,Humanitarian response plan,2021-12-31,2021-01-01
HVEN21,Venezuela Plan de Respuesta Humanitaria 2021,active,2021,Humanitarian response plan,2021-12-31,2021-01-01
HYEM21,Yemen Humanitarian Response Plan 2021,active,2021,Humanitarian response plan,2021-12-31,2021-01-01
HZWE21,Zimbabwe Humanitarian Response Plan 2021,active,2021,Humanitarian response plan,2021-12-31,2021-01-01
HAFG20,Afghanistan Humanitarian Response Plan 2020,active,2020,Humanitarian response plan,2020-12-31,2020-01-01
OBGD20,Bangladesh Intersectoral COVID-19 Response Plan 2020,active,2020,Other,2020-12-31,2020-05-01
RBGD20,Rohingya Humanitarian Crisis Joint Response Plan 2020,active,2020,Regional response plan,2020-12-31,2020-01-01
OBEN20,Bénin Plan de Réponse Intersectorielle COVID-19 2020,active,2020,Other,2020-12-31,2020-05-01
HBFA20,Burkina Faso Plan de Réponse Humanitaire 2020,active,2020,Humanitarian response plan,2020-12-31,2020-01-01
HBDI20,Burundi Plan de Réponse Humanitaire 2020,active,2020,Humanitarian response plan,2020-12-31,2020-01-01
RRWATZAUGA20,Burundi Regional Refugee Response Plan 2020,active,2020,Regional response plan,2020-12-31,2020-01-01
OMOZ20a,Cabo Delgado Province Mozambique Rapid Response Plan 2020,active,2020,Other,2020-12-31,2020-06-01
HCMR20,Cameroon Humanitarian Response Plan 2020,active,2020,Humanitarian response plan,2020-12-31,2020-01-01
HCAF2021,République Centrafricaine Plan de Réponse Humanitaire 2020,active,2020,Humanitarian response plan,2021-01-01,2020-01-02
HTCD20,Tchad Plan de Réponse Humanitaire 2020,active,2020,Humanitarian response plan,2020-12-31,2020-01-01
HCOL20,Colombia Plan de Respuesta Humanitaria 2020,active,2020,Humanitarian response plan,2020-12-31,2020-01-01
OCOL20,Colombia Plan de Respuesta Intersectorial COVID-19 2020,active,2020,Other,2020-12-31,2020-05-01
OPRK20c,DPR Korea Intersectoral COVID-19 Response Plan 2020,active,2020,Other,2020-12-31,2020-05-01
HCOVD20,COVID-19 Global Humanitarian Response Plan,withdrawn,2020,Humanitarian response plan,2020-12-31,2020-03-25
RDRCRRP20,Democratic Republic of the Congo Regional Refugee Response Plan 2020,active,2020,Regional response plan,2020-12-31,2020-01-01
HCOD20,République Démocratique du Congo Plan de Réponse Humanitaire 2020,active,2020,Humanitarian response plan,2020-12-31,2020-01-01
FDJI1920,Djibouti Flash Appeal 2020,active,2020,Flash appeal,2020-03-31,2019-12-17
ODJI20,Djibouti Intersectoral COVID-19 Response Plan 2020,active,2020,Other,2020-12-31,2020-05-01
OPRK20a,DPR Korea Intersectoral COVID Response Plan 2020,withdrawn,2020,Other,2020-12-31,2020-05-01
OPRK20b,DPR Korea Needs and Priorities 2020,active,2020,Other,2020-12-31,2020-01-01
OECU20,Ecuador Plan de Respuesta Intersectorial COVID-19 2020,active,2020,Other,2020-12-31,2020-05-01
HETH20,Ethiopia Humanitarian Response Plan 2020,active,2020,Humanitarian response plan,2020-12-31,2020-01-01
OGLBL20b,GHRP (COVID) Famine Prevention 2020,active,2020,Other,2020-12-31,2020-05-01
OCOVD20,GHRP (COVID) Global Humanitarian Response Plan 2020,active,2020,Other,2020-12-31,2020-03-25
OGLBL20,Famine Prevention COVID-19 2020,withdrawn,2020,Other,2020-12-31,2020-05-01
O20,GHRP (COVID) Global Operational Support 2020,active,2020,Other,2020-12-31,2020-05-01
HHTI20,Haïti Plan de Réponse Humanitaire 2020,active,2020,Humanitarian response plan,2020-12-31,2020-01-01
OIRN20,Iran Intersectoral COVID-19 Response Plan 2020,active,2020,Other,2020-12-31,2020-05-01
HIRQ20,Iraq Humanitarian Response Plan 2020,active,2020,Humanitarian response plan,2020-12-31,2020-01-01
OJOR20,Jordan Intersectoral COVID-19 Response Plan 2020,active,2020,Other,2020-12-31,2020-05-01
OKEN20,Kenya Intersectoral COVID-19 Response Plan 2020,active,2020,Other,2020-12-31,2020-01-05
FLBN20,Lebanon Flash Appeal 2020,active,2020,Flash appeal,2020-11-13,2020-08-05
OLBN20,Lebanon Intersectoral COVID-19 Response Plan 2020,active,2020,Other,2020-12-31,2020-05-01
FLSO1920,Lesotho Flash Appeal 2019-2020,active,2020,Flash appeal,2020-04-30,2019-11-01
OLBR20,Liberia Intersectoral COVID-19 Response Plan 2020,active,2020,Other,2020-12-31,2020-05-01
HLBY20,Libya Humanitarian Response Plan 2020,active,2020,Humanitarian response plan,2020-12-31,2020-01-01
HMLI20,Mali Plan de Réponse Humanitaire 2020,active,2020,Humanitarian response plan,2020-12-31,2020-01-01
OMOZ20b,Mozambique UN Multi-Sector Response Plan to COVID-19,active,2020,Other,2020-12-31,2020-05-01
HMMR20,Myanmar Humanitarian Response Plan 2020,active,2020,Humanitarian response plan,2020-12-31,2020-01-01
HNER20,Niger Plan de Réponse Humanitaire 2020,active,2020,Humanitarian response plan,2020-12-31,2020-01-01
HNGA20,Nigeria Humanitarian Response Plan 2020,active,2020,Humanitarian response plan,2020-12-31,2020-01-01
HPSE20,Occupied Palestinian Territory Humanitarian Response Plan 2020,active,2020,Humanitarian response plan,2020-12-31,2020-01-01
OPAK20,Pakistan Intersectoral COVID-19 Response Plan 2020,active,2020,Other,2020-12-31,2020-01-05
OPHL20,Philippines Intersectoral COVID-19 Response Plan 2020,active,2020,Other,2020-12-31,2020-05-01
RREG20,Venezuela Regional Refugee and Migrant Response Plan (RMRP) 2020,active,2020,Regional response plan,2020-12-31,2020-01-01
RDJIETHSOMYEM20,Regional Migrant Response Plan for the Horn of Africa and Yemen 2020,active,2020,Regional response plan,2020-12-31,2020-01-01
OCOG20,République du Congo Plan de Réponse Intersectorielle COVID-19 2020,active,2020,Other,2020-12-31,2020-01-05
OSLE20,Sierra Leone Intersectoral COVID-19 Response Plan 2020,active,2020,Other,2020-12-31,2020-05-01
HSOM20,Somalia Humanitarian Response Plan 2020,active,2020,Humanitarian response plan,2020-12-31,2020-01-01
HSSD20,South Sudan Humanitarian Response Plan 2020,active,2020,Humanitarian response plan,2020-12-31,2020-01-01
RETHKENUGA20,South Sudan Regional Refugee Response Plan 2020,active,2020,Regional response plan,2020-12-31,2020-01-01
HSDN20,Sudan Humanitarian Response Plan 2020,active,2020,Humanitarian response plan,2020-12-31,2020-01-01
HSYR20,Syrian Arab Republic Humanitarian Response Plan 2020,active,2020,Humanitarian response plan,2020-12-31,2020-01-01
RSYR20,Syrian Arab Republic Regional Refugee and Resilience Plan (3RP) 2020,active,2020,Regional response plan,2020-12-31,2020-01-01
OTZA20,Tanzania Intersectoral COVID-19 Response Plan 2020,active,2020,Other,2020-12-31,2020-05-01
OTGO20,Togo Plan de Réponse Intersectorielle COVID-19 2020,active,2020,Other,2020-12-31,2020-05-01
OUGA20,Uganda Intersectoral COVID-19 Response Plan 2020,active,2020,Other,2020-12-31,2020-05-01
HUKR20,Ukraine Humanitarian Response Plan 2020,active,2020,Humanitarian response plan,2020-12-31,2020-01-01
OGLBL20a,GHRP (COVID) Unallocated supplementary NGO envelope 2020,active,2020,Other,2020-12-31,2020-05-01
HVEN20,Venezuela Plan de Respuesta Humanitaria con Panorama de Necesidades 2020,active,2020,Humanitarian response plan,2020-12-31,2020-01-01
HYEM20,Yemen Humanitarian Response Plan 2020,active,2020,Humanitarian response plan,2020-12-31,2020-01-01
OZMB1920,Zambia Humanitarian Appeal 2020,active,2020,Other,2020-03-31,2019-10-01
OZMB20,Zambia Intersectoral COVID-19 Response Plan 2020,active,2020,Other,2020-12-31,2020-05-01
HZWE20,Zimbabwe Humanitarian Response Plan 2020,active,2020,Humanitarian response plan,2020-12-31,2020-01-01
HAFG19,Afghanistan Humanitarian Response Plan 2019,active,2019,Humanitarian response plan,2019-12-31,2019-01-01
RBGD19,Rohingya Humanitarian Crisis Joint Response Plan 2019,active,2019,Regional response plan,2019-12-31,2019-01-01
OBGD19,Bangladesh: 2019 Joint Response Plan for Rohingya Humanitarian Crisis (January-December),withdrawn,2019,Other,2019-12-31,2019-01-01
OBFA19,Burkina Faso Plan d'Urgence 2019,active,2019,Other,2019-12-31,2019-01-01
HBDI19,Burundi Plan de Réponse Humanitaire 2019,active,2019,Humanitarian response plan,2019-12-31,2019-01-01
HCMR19,Cameroun Plan de Réponse Humanitaire 2019,active,2019,Humanitarian response plan,2019-12-31,2019-01-01
HCAF19,République Centrafricaine Plan de Réponse Humanitaire 2019,active,2019,Humanitarian response plan,2019-12-31,2019-01-01
HTCD19,Tchad Plan de Réponse Humanitaire 2019,active,2019,Humanitarian response plan,2019-12-31,2019-01-01
HCOD19,République Démocratique du Congo Plan de Réponse Humanitaire 2019,active,2019,Humanitarian response plan,2019-12-31,2019-01-01
OPRK19,DPR Korea Needs and Priorities 2019,active,2019,Other,2019-12-31,2019-01-01
HETH19,Ethiopia Humanitarian Response Plan 2019,active,2019,Humanitarian response plan,2019-12-31,2019-01-01
HHTI19,Haïti Plan de Réponse Humanitaire 2019,active,2019,Humanitarian response plan,2019-12-31,2019-01-01
HIRQ19,Iraq Humanitarian Response Plan 2019,active,2019,Humanitarian response plan,2019-12-31,2019-01-01
OIRN19,Islamic Republic of Iran Floods Response Plan 2019,active,2019,Other,2019-12-31,2019-04-01
HLBY19,Libya Humanitarian Response Plan 2019,active,2019,Humanitarian response plan,2019-12-31,2019-01-01
FMDG19,Madagascar Grand Sud Appel Éclair Conjoint 2019,active,2019,Flash appeal,2019-04-30,2019-01-01
HMLI19,Mali Plan de Réponse Humanitaire 2019,active,2019,Humanitarian response plan,2019-12-31,2019-01-01
HMOZ19,Mozambique Humanitarian Response Plan 2019,active,2019,Humanitarian response plan,2019-12-31,2019-01-01
HMMR19,Myanmar Humanitarian Response Plan 2019,active,2019,Humanitarian response plan,2019-12-31,2019-01-01
HNER19,Niger Plan de Réponse Humanitaire 2019,active,2019,Humanitarian response plan,2019-12-31,2019-01-01
HNGA19,Nigeria Humanitarian Response Strategy 2019,active,2019,Humanitarian response plan,2019-12-31,2019-01-01
HPSE19,Occupied Palestinian Territory Humanitarian Response Strategy 2019,active,2019,Humanitarian response plan,2019-12-30,2019-01-01
OPAK19,Pakistan Response Plan 2019,active,2019,Other,2019-12-31,2019-01-01
RSAMR19,Venezuela Regional Refugee and Migrant Response Plan (RMRP) 2019,active,2019,Regional response plan,2019-12-31,2019-01-01
OSAMR19,Regional Refugee and Migrant Response Plan (for Refugees and Migrants from Venezuela),withdrawn,2019,Other,2019-12-31,2019-01-01
HSOM19,Somalia Humanitarian Response Plan 2019,active,2019,Humanitarian response plan,2019-12-31,2019-01-01
HSSD19,South Sudan Humanitarian Response Plan 2019,active,2019,Humanitarian response plan,2019-12-31,2019-01-01
HSDN19,Sudan Humanitarian Response Plan 2019,active,2019,Humanitarian response plan,2019-12-31,2019-01-01
HSYR19,Syrian Arab Republic Humanitarian Response Plan 2019,active,2019,Humanitarian response plan,2019-12-31,2019-01-01
RSYR19,Syrian Arab Republic Regional Refugee and Resilience Plan (3RP) 2019,active,2019,Regional response plan,2019-12-31,2019-01-01
HUKR19,Ukraine Humanitarian Response Plan 2019,active,2019,Humanitarian response plan,2019-12-31,2019-01-01
HVEN19,Venezuela Plan de Respuesta Humanitaria 2019,active,2019,Humanitarian response plan,2019-12-31,2019-01-01
HYEM19,Yemen Humanitarian Response Plan 2019,active,2019,Humanitarian response plan,2019-12-31,2019-01-01
FZWE1920,Zimbabwe Flash Appeal 2019,active,2019,Flash appeal,2020-04-29,2019-02-01
FZWE1820,Zimbabwe Flash Appeal 2019 / 2020,withdrawn,2019,Flash appeal,2020-04-29,2018-12-01
HAFG18,Afghanistan Humanitarian Response Plan 2018,active,2018,Humanitarian response plan,2018-12-31,2018-01-01
OBGD18,Bangladesh: Rohingya Refugee Crisis Joint Response Plan 2018,withdrawn,2018,Other,2018-12-31,2018-01-22
OBFA18,Burkina Faso Plan d'Urgence et de Résilience 2018,active,2018,Other,2018-12-31,2018-01-01
HBDI18,Burundi Plan de Réponse Humanitaire 2018,active,2018,Humanitarian response plan,2018-12-31,2018-01-01
HCMR18,Cameroun Plan de Réponse Humanitaire 2018,active,2018,Humanitarian response plan,2018-12-31,2018-01-01
HCAF18,République Centrafricaine Plan de Réponse Humanitaire 2018,active,2018,Humanitarian response plan,2018-12-31,2018-01-01
HTCD18,Tchad Plan de Réponse Humanitaire 2018,active,2018,Humanitarian response plan,2018-12-31,2018-01-01
HCOD18,République Démocratique du Congo Plan de Réponse Humanitaire 2018,active,2018,Humanitarian response plan,2018-12-31,2018-01-01
OPRK18,DPR Korea Needs and Priorities 2018,active,2018,Other,2018-12-31,2018-01-01
HETH18,Ethiopia Humanitarian and Disaster Resilience Plan 2018,active,2018,Humanitarian response plan,2018-12-31,2018-01-01
HHTI18,Haiti Humanitarian Response Plan 2018,active,2018,Humanitarian response plan,2018-12-31,2018-01-01
OIDN18,Indonesia Central Sulawesi Earthquake Response Plan 2018,active,2018,Other,2018-12-31,2018-10-01
HIRQ18,Iraq Humanitarian Response Plan 2018,active,2018,Humanitarian response plan,2018-12-31,2018-01-01
HLBY18,Libya Humanitarian Response Plan 2018,active,2018,Humanitarian response plan,2018-12-31,2018-01-01
HMLI18,Mali Plan de Réponse Humanitaire 2018,active,2018,Humanitarian response plan,2018-12-31,2018-01-01
OMRT18,Mauritania Plan de Travail Humanitaire 2018,active,2018,Other,2018-12-31,2018-01-01
HMMR18,Myanmar Interim Humanitarian Response Plan 2018,active,2018,Humanitarian response plan,2018-12-31,2018-01-01
HNER18,Niger Plan de Réponse Humanitaire 2018,active,2018,Humanitarian response plan,2018-12-31,2018-01-01
HNGA18,Nigeria Humanitarian Response Plan 2018,active,2018,Humanitarian response plan,2018-12-31,2018-01-01
HPSE18,Occupied Palestinian Territory Humanitarian Response Strategy 2018,active,2018,Humanitarian response plan,2018-12-31,2018-01-01
OPAK18,Pakistan Transition Plan: Humanitarian Component 2018,active,2018,Other,2018-12-31,2018-01-01
OPHL18,Philippines Marawi Conflict Humanitarian Response and Resources Overview 2018,active,2018,Other,2018-12-31,2018-02-21
RBGD18,Rohingya Humanitarian Crisis Joint Response Plan 2018,active,2018,Regional response plan,2018-12-31,2018-01-22
HSSD18,South Sudan Humanitarian Response Plan 2018,active,2018,Humanitarian response plan,2018-12-31,2018-01-01
OSEN18,Sénégal Plan de Travail Humanitaire 2018,active,2018,Other,2018-12-31,2018-01-01
HSOM18,Somalia Humanitarian Response Plan 2018,active,2018,Humanitarian response plan,2018-12-31,2018-01-01
HSDN18,Sudan Humanitarian Response Plan 2018,active,2018,Humanitarian response plan,2018-12-24,2018-01-01
HSYR18,Syrian Arab Republic Humanitarian Response Plan 2018,active,2018,Humanitarian response plan,2018-12-30,2018-11-30
RSYR18,Syrian Arab Republic regional refugee and resilience plan (3RP) 2018,active,2018,Regional response plan,2018-12-31,2018-01-01
HSYR17a,Syria Humanitarian Response Plan 2018,withdrawn,2018,Humanitarian response plan,2018-12-30,2018-11-30
R18,Syria regional refugee and resilience plan (3RP) 2018,withdrawn,2018,Regional response plan,2018-12-31,2018-01-01
HUKR18,Ukraine Humanitarian Response Plan 2018,active,2018,Humanitarian response plan,2018-12-31,2018-01-01
HYEM18,Yemen Humanitarian Response Plan 2018,active,2018,Humanitarian response plan,2018-12-31,2018-01-01
OEUR17,2017 Europe Situation - Regional Refugee and Migrant Response,active,2017,Regional response plan,2017-12-31,2017-01-01
HAFG17,Afghanistan 2017,active,2017,Humanitarian response plan,2017-12-31,2017-01-01
OBGD17,Bangladesh: Rohingya Refugee Crisis 2017,active,2017,Regional response plan,2017-12-31,2017-08-01
HBFA17,Burkina Faso 2017,active,2017,Humanitarian response plan,2017-12-31,2017-01-01
HBDI17,Burundi 2017,active,2017,Humanitarian response plan,2017-12-31,2017-01-01
HCMR17,Cameroon 2017,active,2017,Humanitarian response plan,2017-12-31,2017-01-01
HCAF17,Central African Republic 2017,active,2017,Humanitarian response plan,2017-12-31,2017-01-01
HTCD17,Chad 2017,active,2017,Humanitarian response plan,2017-12-31,2017-01-01
OCUB17,Cuba Plan of Action 2017,active,2017,Other,2017-12-31,2017-09-18
HCOD17,Democratic Republic of the Congo 2017,active,2017,Humanitarian response plan,2017-12-31,2017-02-13
HDJI17,Djibouti 2017,active,2017,Humanitarian response plan,2017-12-31,2017-01-01
FDMA17,Dominica Flash Appeal 2017,active,2017,Flash appeal,2017-12-29,2017-09-28
OPRK17,DPR Korea Needs and Priorities 2017,active,2017,Other,2017-12-31,2017-01-01
HETH17,Ethiopia 2017,active,2017,Humanitarian response plan,2017-12-31,2017-01-01
HHTI17,Haiti 2017,active,2017,Humanitarian response plan,2017-12-31,2017-01-01
O17,Hurricane Irma: Regional Response Plan for the Caribbean Region (Sep to Dec 2017),active,2017,Other,2017-12-31,2017-09-15
HIRQ17,Iraq 2017,active,2017,Humanitarian response plan,2017-12-31,2017-01-01
FKEN17,Kenya Flash Appeal 2017,active,2017,Flash appeal,2017-11-30,2017-02-10
HLBY17,Libya 2017,active,2017,Humanitarian response plan,2017-12-31,2017-01-01
FMDG17,Madagascar Flash Appeal 2017,active,2017,Flash appeal,2017-06-20,2017-03-20
HMLI17,Mali 2017,active,2017,Humanitarian response plan,2017-12-31,2017-01-01
HMRT17,Mauritania 2017,active,2017,Humanitarian response plan,2017-12-31,2017-01-01
FMOZ17,Mozambique Cyclone Dineo Flash Appeal 2017,active,2017,Flash appeal,2017-05-31,2017-02-28
HMMR17,Myanmar 2017,active,2017,Humanitarian response plan,2017-12-31,2017-01-01
HNER17,Niger 2017,active,2017,Humanitarian response plan,2017-12-31,2017-01-01
HNGA17,Nigeria 2017,active,2017,Humanitarian response plan,2017-12-31,2017-01-01
HPSE17,occupied Palestinian territory 2017,active,2017,Humanitarian response plan,2017-12-31,2017-01-01
HPAK17,Pakistan Humanitarian Strategic Plan 2017,active,2017,Other,2017-12-31,2017-01-01
FPER17,Peru Flash Appeal 2017,active,2017,Flash appeal,2017-10-31,2017-04-01
HCOG17,Republic of Congo 2017,active,2017,Humanitarian response plan,2017-12-31,2017-07-19
HSSD17,Republic of South Sudan 2017,active,2017,Humanitarian response plan,2017-12-31,2017-01-01
HSEN17,Senegal 2017,active,2017,Humanitarian response plan,2017-12-31,2017-01-01
HSOM17,Somalia 2017,active,2017,Humanitarian response plan,2017-12-31,2017-01-01
HSDN17,Sudan 2017,active,2017,Humanitarian response plan,2017-12-31,2017-01-01
HSYR17,Syria Humanitarian Response Plan 2017,active,2017,Humanitarian response plan,2017-12-31,2017-01-01
RSYR17,Syria regional refugee and resilience plan (3RP) 2017,active,2017,Regional response plan,2017-12-31,2017-01-01
HSYR17b,Syrian Arab Republic Humanitarian Response Plan 2017,withdrawn,2017,Humanitarian response plan,2017-12-31,2017-01-01
HUKR17,Ukraine Humanitarian Response Plan 2017,active,2017,Humanitarian response plan,2017-12-31,2017-01-01
HYEM17,Yemen Humanitarian Response Plan 2017,active,2017,Humanitarian response plan,2017-12-31,2017-01-01
OEUR16,2016 Europe Situation -Regional Refugee and Migrant Response,active,2016,Other,2016-12-31,2016-01-01
HAFG16,Afghanistan 2016,active,2016,Humanitarian response plan,2016-12-31,2016-01-01
FAFG16,Afghanistan Flash Appeal: One million people on the move (September - December 2016),active,2016,Flash appeal,2016-12-31,2016-09-01
HBFA16,Burkina Faso 2016,active,2016,Humanitarian response plan,2016-12-31,2016-01-01
HBDI16,Burundi 2016,active,2016,Humanitarian response plan,2016-12-31,2016-03-08
HCMR16,Cameroon 2016,active,2016,Humanitarian response plan,2016-12-31,2016-01-01
HCAF16,Central African Republic 2016,active,2016,Humanitarian response plan,2016-12-31,2016-01-01
HTCD16,Chad 2016,active,2016,Humanitarian response plan,2016-12-31,2016-01-01
HCOD16,Democratic Republic of the Congo 2016,active,2016,Humanitarian response plan,2016-12-31,2016-01-01
HDJI16,Djibouti 2016,active,2016,Humanitarian response plan,2016-12-31,2016-01-01
OPRK16,DPR Korea Needs and Priorities 2016,active,2016,Other,2016-12-31,2016-01-01
FECU16,Ecuador Earthquake Flash Appeal 2016,active,2016,Flash appeal,2016-10-31,2016-04-16
FFJI16,Fiji Tropical Cyclone Flash Appeal 2016,active,2016,Flash appeal,2016-05-30,2016-02-20
HGMB16,Gambia 2016,active,2016,Humanitarian response plan,2016-12-31,2016-01-01
HGTM16,Guatemala 2016,active,2016,Humanitarian response plan,2016-12-31,2016-01-01
HHTI16,Haiti 2016,active,2016,Humanitarian response plan,2016-12-31,2016-01-01
FHTI16,Haiti Flash Appeal: Hurricane Matthew 2016,active,2016,Flash appeal,2016-12-31,2016-10-10
HHND16,Honduras 2016,active,2016,Humanitarian response plan,2016-12-31,2016-01-01
HIRQ16,Iraq 2016,active,2016,Humanitarian response plan,2016-12-31,2016-01-01
FLBY16,Libya - Sirte Flash Appeal 2016,active,2016,Flash appeal,2016-12-31,2016-08-26
HLBY1516,Libya 2015-2016,active,2016,Humanitarian response plan,2016-12-31,2015-10-01
HMLI16,Mali 2016,active,2016,Humanitarian response plan,2016-12-31,2016-01-01
HMRT16,Mauritania 2016,active,2016,Humanitarian response plan,2016-12-31,2016-01-01
FIRQ16,Mosul Flash Appeal 2016,active,2016,Flash appeal,2016-10-01,2016-07-20
HMMR16,Myanmar 2016,active,2016,Humanitarian response plan,2016-12-31,2016-01-01
HNER16,Niger 2016,active,2016,Humanitarian response plan,2016-12-31,2016-01-01
HNGA16,Nigeria 2016,active,2016,Humanitarian response plan,2016-12-31,2016-01-01
HPSE16,occupied Palestinian territory 2016,active,2016,Humanitarian response plan,2016-12-31,2016-01-01
HSSD16,Republic of South Sudan 2016,active,2016,Humanitarian response plan,2016-12-31,2016-01-01
HXSHL16,Sahel 2016,active,2016,Humanitarian response plan,2016-12-31,2016-01-01
HSEN16,Senegal 2016,active,2016,Humanitarian response plan,2016-12-31,2016-01-01
HSOM16,Somalia 2016,active,2016,Humanitarian response plan,2016-12-31,2016-01-01
HSDN16,Sudan 2016,active,2016,Humanitarian response plan,2016-12-31,2016-01-01
HSYR16,Syria Humanitarian Response Plan 2016,active,2016,Humanitarian response plan,2016-12-31,2016-01-01
RXSYRREG16,Syria regional refugee and resilience plan (3RP) 2016,active,2016,Regional response plan,2016-12-31,2016-01-01
HUKR1615,Ukraine 2016,active,2016,Humanitarian response plan,2016-12-31,2016-01-01
HYEM16,Yemen Humanitarian Response Plan 2016,active,2016,Humanitarian response plan,2016-12-31,2016-01-01
HZWE1617,Zimbabwe Humanitarian Response Plan 2016,active,2016,Humanitarian response plan,2017-03-31,2016-04-01
HAFG15,Afghanistan Strategic Response Plan 2015,active,2015,Strategic response plan,2015-12-31,2015-01-01
HBFA15,Burkina Faso Plan de Réponse Stratégique 2015,active,2015,Strategic response plan,2015-12-31,2015-01-01
HCMR15,Cameroun Plan de Réponse Stratégique 2015,active,2015,Strategic response plan,2015-12-31,2015-01-01
HCAF15,République Centrafricaine Plan de Réponse Stratégique 2015,active,2015,Strategic response plan,2015-12-31,2015-01-01
HTCD15,Tchad Plan de Réponse Stratégique 2015,active,2015,Strategic response plan,2015-12-31,2015-01-01
HCOD15,République Démocratique du Congo Plan de Réponse Stratégique 2015,active,2015,Strategic response plan,2015-12-31,2015-01-01
HDJI15,Djibouti Plan de Réponse Stratégique 2015,active,2015,Strategic response plan,2015-12-31,2015-01-01
OPRK15,DPR Korea Needs and Priorities 2015,active,2015,Other,2015-12-31,2015-01-01
HGMB15,Gambia Strategic Response Plan 2015,active,2015,Strategic response plan,2015-12-31,2015-01-01
FGTM1415,Guatemala Plan de Respuesta Sequia 2015,active,2015,Flash appeal,2015-09-30,2014-11-03
FHTI15,Haiti Urgent Request for Humanitarian Funding 2015,active,2015,Flash appeal,2015-12-31,2015-08-01
FHND1415,Honduras Drought Emergency Response Plan 2015,active,2015,Flash appeal,2015-09-30,2014-09-26
FVUT15,Vanuatu Emergency Response Plan for Tropical Cyclone PAM 2015,active,2015,Flash appeal,2015-10-31,2015-03-24
HIRQ15,Iraq Strategic Response Plan 2015,active,2015,Strategic response plan,2015-12-31,2015-01-01
HLBY1415,Libya Humanitarian Appeal 2014- 2015,active,2015,Flash appeal,2015-05-31,2014-10-01
HMLI15,Mali Plan de Réponse Stratégique 2015,active,2015,Strategic response plan,2015-12-31,2015-01-01
HMRT15,Mauritanie Plan de Réponse Stratégique 2015,active,2015,Strategic response plan,2015-12-31,2015-01-01
HMMR15,Myanmar Strategic Response Plan 2015,active,2015,Strategic response plan,2015-12-31,2015-01-01
FNPL15,Nepal Flash Appeal Earthquake 2015,active,2015,Flash appeal,2015-09-30,2015-04-25
HNER15,Niger Plan de Réponse Stratégique 2015,active,2015,Strategic response plan,2015-12-31,2015-01-01
HNGA15,Nigeria Strategic Response Plan 2015,active,2015,Strategic response plan,2015-12-31,2015-01-01
HPSE15,Occupied Palestinian Territory Strategic Response Plan 2015,active,2015,Strategic response plan,2015-12-31,2015-01-01
HSSD15,South Sudan Strategic Response Plan 2015,active,2015,Strategic response plan,2015-12-31,2015-01-01
HXSHL15,Sahel Region Call for Humanitarian Aid 2015,active,2015,Humanitarian response plan,2015-12-31,2015-01-01
HSEN15,Sénégal Plan de Réponse Stratégique 2015,active,2015,Strategic response plan,2015-12-31,2015-01-01
HSOM15,Somalia Strategic Response Plan 2015,active,2015,Strategic response plan,2015-12-31,2015-01-01
RXSSDREG15,South Sudan Regional Refugee Response Plan 2015,active,2015,Regional response plan,2015-12-31,2015-01-01
HSDN15,Sudan Strategic Response Plan 2015,active,2015,Strategic response plan,2015-12-31,2015-01-01
RXSYRREG15,Syrian Arab Republic Regional Refugee and Resilience Plan (3RP) 2015,active,2015,Regional response plan,2015-12-31,2015-01-01
HSYR15,Syrian Arab Republic Strategic Response Plan 2015,active,2015,Strategic response plan,2015-12-31,2015-01-01
HUKR15,Ukraine Strategic Response Plan 2015,active,2015,Strategic response plan,2015-12-31,2015-01-01
HYEM15,Yemen Strategic Response Plan 2015,active,2015,Strategic response plan,2015-12-31,2015-01-01
HAFG14,Afghanistan Strategic Response Plan 2014,active,2014,Strategic response plan,2014-12-31,2014-01-01
HBFA1314,Burkina Faso Plan de Réponse Stratégique 2014,active,2014,Strategic response plan,2014-12-31,2013-01-01
HCMR14,Cameroun Plan de Réponse Stratégique 2014,active,2014,Strategic response plan,2014-12-31,2014-01-01
HCAF14,République Centrafricaine Plan de Réponse Stratégique 2014,active,2014,Strategic response plan,2014-12-31,2014-01-01
HTCD14,Tchad Plan de Réponse Stratégique 2014,active,2014,Strategic response plan,2014-12-31,2014-01-01
HCOD1415,Democratic Republic of the Congo 2014,withdrawn,2014,Humanitarian response plan,2015-04-30,2014-01-01
HDJI14,Djibouti Strategic Response Plan 2014,active,2014,Strategic response plan,2014-12-31,2014-01-01
RGINLBRSLE1415,Ebola Outbreak Response Plan 2014,active,2014,Regional response plan,2015-06-30,2014-10-01
OXEBOLA1415,"Ebola Virus Outbreak - Overview of Needs and Requirements (inter-agency plan for Guinea, Liberia, Sierra Leone, Region) - October 2014 - June 2015",withdrawn,2014,Other,2015-06-30,2014-10-01
HGMB14,Gambia Strategic Response Plan 2014,active,2014,Strategic response plan,2014-12-31,2014-01-01
HHTI14,Haiti Strategic Response Plan 2014,active,2014,Strategic response plan,2014-12-31,2014-01-01
HIRQ14,Iraq Strategic Response Plan 2014,active,2014,Strategic response plan,2014-12-31,2014-04-01
HMLI14,Mali Plan de Réponse Stratégique 2014,active,2014,Strategic response plan,2014-12-31,2014-01-01
HMRT14,Mauritanie Plan de Réponse Stratégique 2014,active,2014,Strategic response plan,2014-12-31,2014-01-01
SMMR14,Myanmar Strategic Response Plan 2014,active,2014,Strategic response plan,2014-12-31,2014-01-01
HMMR14,Myanmar 2014,withdrawn,2014,Humanitarian response plan,2014-12-31,2014-02-28
HNER14,Niger Plan de Réponse Stratégique 2014,active,2014,Strategic response plan,2014-12-31,2014-01-01
HNGA14,Nigeria Strategic Response Plan 2014,active,2014,Strategic response plan,2014-12-31,2014-01-01
SPSE14,Occupied Palestinian Territory Strategic Response Plan 2014,active,2014,Strategic response plan,2014-12-31,2014-01-01
HPSE14,occupied Palestinian territory 2014,withdrawn,2014,Humanitarian response plan,2014-12-31,2014-01-01
FPHL1314,Philippines Bohol Earthquake Flash Appeal 2014,active,2014,Flash appeal,2014-04-22,2013-10-22
SPHL1314,Philippines Typhoon Haiyan Strategic Response Plan 2014,active,2014,Strategic response plan,2014-11-07,2013-11-08
HPHL1314,Philippines - Typhoon Haiyan Strategic Response Plan (November 2013 - October 2014),withdrawn,2014,Humanitarian response plan,2014-05-07,2013-11-08
HPHL1314a,Philippines Zamboanga Crisis Flash Appeal 2014,active,2014,Flash appeal,2014-08-31,2013-10-01
SCOD14,République Démocratique du Congo Plan de Réponse Stratégique 2014,active,2014,Strategic response plan,2014-12-31,2014-01-01
HCOG14,République du Congo Plan de Réponse 2014,active,2014,Other,2014-12-31,2014-04-10
HSSD14,Republic of South Sudan - Crisis Response Plan 2014,withdrawn,2014,Humanitarian response plan,2014-06-30,2014-01-01
HXSHL14,Sahel Region Strategic Response Plan 2014,active,2014,Humanitarian response plan,2014-12-31,2014-01-01
HSEN14,Sénégal Plan de Réponse Stratégique 2014,active,2014,Strategic response plan,2014-12-31,2014-01-01
HSOM14,Somalia Strategic Response Plan 2014,active,2014,Strategic response plan,2014-12-31,2014-01-01
SSSD14,South Sudan Crisis Response Plan 2014,active,2014,Strategic response plan,2014-12-31,2014-01-01
RXSSDREG14,South Sudan Regional Refugee Response Plan 2014,active,2014,Regional response plan,2014-12-31,2014-01-01
HSDN14,Sudan Strategic Response Plan 2014,active,2014,Strategic response plan,2014-12-31,2014-01-01
SSYR14,Syria Humanitarian Assistance Response Plan 2014,active,2014,Strategic response plan,2014-12-31,2014-01-01
HSYR1314,Syria Humanitarian Assistance Response Plan (SHARP) 2014,withdrawn,2014,Humanitarian response plan,2014-12-31,2013-11-09
RXSYRREG14,Syria Regional Refugee Response Plan (RRP) 2014,withdrawn,2014,Regional response plan,2014-12-31,2014-01-02
FUKR14,Ukraine Preliminary Response Plan 2014,active,2014,Flash appeal,2014-12-31,2014-08-15
HYEM14,Yemen Strategic Response Plan 2014,active,2014,Strategic response plan,2014-12-31,2014-01-01
CAFG13,Afghanistan 2013,active,2013,Consolidated appeals process,2013-12-31,2013-01-01
CBFA13,Burkina Faso 2013,active,2013,Consolidated appeals process,2013-12-31,2013-01-01
CCAF13,Central African Republic 2013,active,2013,Consolidated appeals process,2013-12-31,2013-01-01
CTCD13,Chad 2013,active,2013,Consolidated appeals process,2013-12-31,2013-01-01
OCUB1213,Cuba Plan of Action 2012 - 2013 (November 2012 - December 2013),active,2013,Other,2013-12-31,2012-11-01
CCOD1314,Democratic Republic of the Congo 2013,active,2013,Consolidated appeals process,2014-05-01,2013-01-01
CDJI13,Djibouti 2013,active,2013,Consolidated appeals process,2013-12-31,2013-01-01
CHTI13,Haiti Humanitarian Action Plan 2013,active,2013,Consolidated appeals process,2013-12-31,2013-01-01
CKEN13,Kenya Emergency Humanitarian Response Plan 2013,active,2013,Consolidated appeals process,2013-12-31,2013-01-01
CMLI13,Mali 2013,active,2013,Consolidated appeals process,2013-12-31,2013-01-01
CMRT13,Mauritania 2013,active,2013,Consolidated appeals process,2013-12-31,2013-01-01
OMMR13,Myanmar - Kachin Response Plan 2013 (March - December 2013),active,2013,Other,2013-12-31,2013-03-01
OMMR1213,Myanmar - Rakhine Response Plan 2012-2013 (July 2012 - December 2013),active,2013,Other,2013-12-31,2012-07-01
CNER13,Niger 2013,active,2013,Consolidated appeals process,2013-12-31,2013-01-01
CPSE13,occupied Palestinian territory 2013,active,2013,Consolidated appeals process,2013-12-31,2013-01-01
CPHL1314,Philippines Mindanao Action Plan 2013,active,2013,Consolidated appeals process,2014-08-31,2013-01-01
CSSD13,Republic of South Sudan 2013,active,2013,Consolidated appeals process,2013-12-31,2013-01-01
CSOM13,Somalia 2013,active,2013,Consolidated appeals process,2013-12-31,2013-01-01
CSDN13,Sudan 2013,active,2013,Consolidated appeals process,2013-12-31,2013-01-01
CSYR13,Syria Humanitarian Assistance Response Plan (SHARP) 2013,active,2013,Consolidated appeals process,2013-12-31,2013-01-01
RXSYRREG13,Syria Regional Refugee Response Plan (RRP) 2013,active,2013,Regional response plan,2013-06-30,2013-01-01
CYEM13,Yemen Humanitarian Response Plan 2013,active,2013,Consolidated appeals process,2013-12-31,2013-01-01
OZWE13,Zimbabwe 2013,active,2013,Other,2013-12-31,2013-01-01
CKEN12,2012+ Kenya Emergency Humanitarian Response Plan,active,2012,Consolidated appeals process,2012-12-31,2012-01-01
CAFG1112,Afghanistan 2012,active,2012,Consolidated appeals process,2012-12-31,2011-11-30
CBFA12,Burkina Faso 2012,active,2012,Consolidated appeals process,2012-12-31,2012-04-01
CCAF12,Central African Republic 2012,active,2012,Consolidated appeals process,2012-12-31,2012-01-01
CTCD12,Chad 2012,active,2012,Consolidated appeals process,2012-12-31,2012-01-01
CCIV12,Cote d'Ivoire 2012,active,2012,Consolidated appeals process,2012-12-31,2012-01-01
CCOD1213,Democratic Republic of the Congo 2012,active,2012,Consolidated appeals process,2013-03-31,2012-01-01
CDJI12,Djibouti Appeal 2012,active,2012,Consolidated appeals process,2012-12-31,2012-01-01
CHTI12,Haiti 2012,active,2012,Consolidated appeals process,2012-12-31,2012-01-01
OPRK12,Korea DPR Overview of Needs and Assistance 2012,active,2012,Other,2012-12-31,2012-01-01
FLSO1213,Lesotho Food Insecurity (September 2012 - March 2013),active,2012,Flash appeal,2013-03-25,2012-09-18
CLBR12,Liberia 2012,active,2012,Consolidated appeals process,2012-12-31,2012-01-01
CMLI12,Mali 2012,active,2012,Consolidated appeals process,2012-12-31,2012-05-01
CMRT12,Mauritania 2012,active,2012,Consolidated appeals process,2012-12-31,2012-05-01
CNER12,Niger 2012,active,2012,Consolidated appeals process,2012-12-31,2012-01-01
OPAK12,Pakistan Early Recovery Framework 2012,active,2012,Other,2012-09-30,2012-01-01
CPHL12,Philippines Humanitarian Action Plan 2012,active,2012,Consolidated appeals process,2012-12-31,2012-01-01
CSSD12,Republic of South Sudan 2012,active,2012,Consolidated appeals process,2012-12-31,2012-01-01
CSOM12,Somalia 2012,active,2012,Consolidated appeals process,2012-12-31,2012-01-01
OLKA12,Sri Lanka Joint Plan of Assistance to the Northern Province (JPA) 2012,active,2012,Other,2012-12-31,2012-01-01
CSDN12,Sudan 2012,active,2012,Consolidated appeals process,2012-12-31,2012-01-01
CSYR12,Syria Humanitarian Assistance Response Plan (SHARP) 2012,active,2012,Consolidated appeals process,2012-12-05,2012-06-05
CYEM12,Yemen Humanitarian Response Plan 2012,active,2012,Consolidated appeals process,2012-12-31,2012-01-01
CZWE12,Zimbabwe 2012,active,2012,Consolidated appeals process,2012-12-31,2012-01-01
CPSE12,occupied Palestinian territory 2012,active,2012,Consolidated appeals process,2012-12-31,2012-01-01
CKEN1113,2011+ Kenya Emergency Humanitarian Response Plan,active,2011,Consolidated appeals process,2013-12-31,2011-01-01
CAFG11,Afghanistan 2011,active,2011,Consolidated appeals process,2011-12-31,2011-01-01
CCAF11,Central African Republic Consolidated Appeals Process 2011,active,2011,Consolidated appeals process,2011-12-31,2011-01-01
CTCD11,Chad 2011,active,2011,Consolidated appeals process,2011-12-31,2011-01-01
CCOD1112,Democratic Republic of the Congo 2011,active,2011,Consolidated appeals process,2012-12-31,2011-01-01
CDJI1011,Djibouti Drought Appeal 2011,active,2011,Consolidated appeals process,2011-12-31,2010-10-01
FSLV1112,El Salvador Flash Appeal (October 2011 - April 2012),active,2011,Flash appeal,2012-04-25,2011-10-25
CHTI1011,Haiti 2011,active,2011,Consolidated appeals process,2011-12-31,2010-12-01
OPRK11,Korea DPR : Overview of Needs and Assistance 2011,active,2011,Other,2011-12-31,2011-05-01
OPHL11,Mindanao Humanitarian Action Plan 2011,active,2011,Other,2011-12-31,2011-01-01
FNAM11,Namibia Flash Appeal (April - October 2011),active,2011,Flash appeal,2011-10-11,2011-04-11
FNIC1112,Nicaragua Flash Appeal (October 2011 - April 2012),active,2011,Flash appeal,2012-04-26,2011-10-27
CNER11,Niger 2011,active,2011,Consolidated appeals process,2011-12-31,2011-01-01
FPAK1112,Pakistan Rapid Response Plan Floods 2011 (September - March 2012),active,2011,Flash appeal,2012-06-30,2011-09-15
FXLBYREG11,Regional Flash Appeal for the Libyan Crisis (March - December 2011),active,2011,Regional response plan,2011-12-31,2011-03-07
CSSD11,Republic of South Sudan 2011,active,2011,Consolidated appeals process,2011-12-31,2011-07-01
CSOM11,Somalia 2011,active,2011,Consolidated appeals process,2011-12-31,2011-01-01
FLKA11,Sri Lanka Floods Flash Appeal (Revised) (January - June 2011),active,2011,Flash appeal,2011-12-31,2011-01-01
OLKA11,Sri Lanka Joint Plan of Assistance to the Northern Province (JPA) 2011,active,2011,Other,2011-12-31,2011-01-01
CSDN1112,Sudan 2011,active,2011,Consolidated appeals process,2012-01-31,2011-01-01
CXWAF11,West Africa 2011,active,2011,Regional response plan,2011-12-31,2011-01-01
CYEM11,Yemen Humanitarian Response Plan 2011,active,2011,Consolidated appeals process,2011-12-31,2011-01-01
CZWE11,Zimbabwe 2011,active,2011,Consolidated appeals process,2011-12-31,2011-01-01
CPSE11,occupied Palestinian territory 2011,active,2011,Consolidated appeals process,2011-12-31,2011-01-01
CAFG10,Afghanistan Humanitarian Action Plan 2010,active,2010,Consolidated appeals process,2010-12-31,2010-01-01
OBFA1011,Burkina Faso Emergency Humanitarian Action Plan 2010,active,2010,Other,2011-01-31,2010-08-01
CCAF10,Central African Republic 2010,active,2010,Consolidated appeals process,2010-12-31,2010-01-01
CTCD10,Chad 2010,active,2010,Consolidated appeals process,2010-12-31,2010-01-01
CCOD10,Democratic Republic of the Congo 2010,active,2010,Consolidated appeals process,2010-12-31,2010-01-01
FSLV0910,El Salvador Flash Appeal (Revised) (November 2009 - May 2010),active,2010,Flash appeal,2010-05-31,2009-11-01
FGTM10,Guatemala Flash Appeal (Revised) (June - December 2010),active,2010,Flash appeal,2010-12-09,2010-06-10
CGTM10,Guatemala Food Insecurity and Acute Malnutrition Appeal 2010,active,2010,Consolidated appeals process,2010-08-11,2010-02-12
FHTI10,Haiti Humanitarian Appeal (Revised) (January - December 2010),active,2010,Flash appeal,2010-12-31,2010-01-12
OIRQ10,Iraq Humanitarian Action Plan 2010,active,2010,Other,2010-12-31,2010-01-01
CKEN10,Kenya Emergency Humanitarian Response Plan 2010,active,2010,Consolidated appeals process,2010-12-31,2010-01-01
FKGZ1011,Kyrgyzstan Flash Appeal (Revised) (June 2010 - June 2011),active,2010,Flash appeal,2011-06-30,2010-06-01
CMNG1011,Mongolia Dzud Appeal (April 2010 - May 2011),active,2010,Consolidated appeals process,2011-03-07,2010-03-01
ONPL10,Nepal Humanitarian Transition Appeal 2010,active,2010,Other,2010-12-31,2010-01-01
FPAK1011,Pakistan Floods Relief and Early Recovery Response Plan (Revised) (August 2010 - July 2011),active,2010,Flash appeal,2011-07-31,2010-08-01
OPAK10,Pakistan Humanitarian Response Plan (February - December 2010),active,2010,Other,2010-12-31,2010-02-01
OXIRQREG10,Regional Response Plan for Iraqi Refugees 2010,active,2010,Regional response plan,2010-12-31,2010-01-01
CCOG10,Republic of Congo 2010,active,2010,Consolidated appeals process,2010-12-31,2010-02-20
CSOM10,Somalia 2010,active,2010,Consolidated appeals process,2010-12-31,2010-01-01
OLKA10,Sri Lanka Common Humanitarian Action Plan 2010,active,2010,Other,2010-12-31,2010-01-01
CSDN10,Sudan 2010,active,2010,Consolidated appeals process,2010-12-31,2010-01-01
CUGA10,Uganda 2010,active,2010,Consolidated appeals process,2010-12-31,2010-01-01
CXWAF10,West Africa 2010,active,2010,Consolidated appeals process,2010-12-31,2010-01-01
CYEM10,Yemen Humanitarian Response Plan 2010,active,2010,Consolidated appeals process,2010-12-31,2010-01-01
CZWE10,Zimbabwe 2010,active,2010,Consolidated appeals process,2010-12-31,2010-01-01
CPSE10,occupied Palestinian territory 2010,active,2010,Consolidated appeals process,2010-12-31,2010-01-01
CAFG09,Afghanistan Humanitarian Action Plan 2009,active,2009,Consolidated appeals process,2009-12-31,2009-01-01
FBFA0910,Burkina Faso Flash Appeal (September 2009 - February 2010),active,2009,Flash appeal,2010-03-09,2009-09-10
CCAF09,Central African Republic 2009,active,2009,Consolidated appeals process,2009-12-31,2009-01-01
CTCD09,Chad 2009,active,2009,Consolidated appeals process,2009-12-31,2009-01-01
CCIV09,Côte d'Ivoire 2009,active,2009,Consolidated appeals process,2009-12-31,2009-01-01
CCOD09,Democratic Republic of the Congo 2009,active,2009,Consolidated appeals process,2009-12-30,2009-01-01
FIDN09,Indonesia West Sumatra Earthquake Humanitarian Response Plan 2009,active,2009,Flash appeal,2009-12-31,2009-10-01
CIRQ09,Iraq and the region 2009,active,2009,Consolidated appeals process,2009-12-31,2009-01-01
CKEN09,Kenya Emergency Humanitarian Response Plan 2009,active,2009,Consolidated appeals process,2009-12-31,2009-01-01
FLAO0910,Lao PDR Flash Appeal (Revised) (October 2009 - April 2010),active,2009,Flash appeal,2010-04-30,2009-10-01
FMDG09,Madagascar Flash Appeal (Revised) (April - October 2009),active,2009,Flash appeal,2009-10-31,2009-04-01
FNAM09,Namibia Flash Appeal (Revised) (March - November 2009),active,2009,Flash appeal,2009-09-30,2009-03-20
ONPL09,Nepal Humanitarian Transition Appeal 2009,active,2009,Other,2009-12-31,2009-01-01
CPAK0809,Pakistan Humanitarian Response Plan (Revised) 2008-2009,active,2009,Consolidated appeals process,2009-12-31,2008-09-01
FPHL0910,Philippines Flash Appeal (Revised) (October 2009 - March 2010),active,2009,Flash appeal,2010-03-31,2009-10-03
CSOM09,Somalia 2009,active,2009,Consolidated appeals process,2009-12-31,2009-01-01
CLKA09,Sri Lanka Common Humanitarian Action Plan 2009,active,2009,Consolidated appeals process,2009-12-31,2009-01-01
CSDN09,Sudan 2009,active,2009,Consolidated appeals process,2009-12-31,2009-01-01
OSYR0910,Syria Drought Response Plan (Revised) (July 2009 - June 2010),active,2009,Other,2010-06-14,2009-07-15
OTJK09,Tajikistan Floods and Mudflows REACT Appeal 2009,active,2009,Other,2009-12-31,2009-06-01
OTJK0809,Tajikistan Humanitarian Food Security Appeal 2008-2009,active,2009,Other,2009-12-31,2008-10-01
CUGA09,Uganda 2009,active,2009,Consolidated appeals process,2009-12-31,2009-01-01
CXWAF09,West Africa 2009,active,2009,Consolidated appeals process,2009-12-31,2009-01-01
FYEM09,Yemen Flash Appeal (Revised) (September - December 2009),active,2009,Flash appeal,2009-12-31,2009-08-01
CZWE09,Zimbabwe 2009,active,2009,Consolidated appeals process,2009-12-31,2009-01-01
CPSE09,occupied Palestinian territory 2009,active,2009,Consolidated appeals process,2009-12-31,2009-01-01
OAFG08,Afghanistan Joint Appeal 2008: Humanitarian Consequences of Rise in Food Prices (February - June 2008),active,2008,Other,2008-06-30,2008-02-01
OAFG0809,Afghanistan Joint Emergency Appeal 2008: High Food Price and Drought Crisis (July 2008 - June 2009),active,2008,Other,2009-06-30,2008-07-01
FBOL08,Bolivia Flash Appeal 2008 [unrevised as of Oct. 2008; appeal closed at 80% funding and unmet requirements reduced to zero],active,2008,Flash appeal,2008-08-31,2008-02-01
CCAF08,Central African Republic 2008,active,2008,Consolidated appeals process,2008-12-31,2008-01-01
CTCD08,Chad 2008,active,2008,Consolidated appeals process,2008-12-31,2008-01-01
OCUB0809,Cuba Post-Hurricane Plan of Action 2008,active,2008,Other,2009-12-31,2008-10-01
CCIV08,Côte d'Ivoire 2008,active,2008,Consolidated appeals process,2008-12-31,2008-01-01
CCOD08,Democratic Republic of the Congo 2008 Humanitarian Action Plan,active,2008,Consolidated appeals process,2008-12-31,2008-01-01
ODJI0809,"Djibouti Joint Appeal 2008: Response Plan for Drought, Food and Nutrition Crisis",active,2008,Other,2009-02-28,2008-08-01
FGEO0809,Georgia Crisis Flash Appeal (Revised) 2008,active,2008,Flash appeal,2009-02-09,2008-08-09
FHTI0809,Haiti Flash Appeal (Revised) 2008,active,2008,Flash appeal,2009-03-31,2008-09-01
FHND0809,Honduras Flash Appeal (Updated) (November - April) 2008,active,2008,Flash appeal,2009-04-30,2008-11-01
CIRQ08,Iraq 2008,active,2008,Consolidated appeals process,2008-12-31,2008-01-01
FKEN08,Kenya Emergency Humanitarian Response Plan (Revised) 2008,active,2008,Flash appeal,2008-07-01,2008-01-01
FKGZ0809,Kyrgyzstan Flash Appeal (Revised) 2008,active,2008,Flash appeal,2009-05-31,2008-12-01
OLAO0809,Lao PDR Joint Appeal for Flood Recovery and Rehabilitation 2008,active,2008,Other,2009-11-30,2008-10-01
CLBR08,Liberia Critical Humanitarian Gaps 2008,active,2008,Consolidated appeals process,2008-12-31,2008-03-01
FMDG08,Madagascar Flash Appeal 2008 [unrevised as of Nov. 2008; appeal closed at 50% funding and unmet requirements reduced to zero],active,2008,Flash appeal,2008-06-30,2008-03-01
FMMR08,Myanmar Flash Appeal (Revised) 2008,active,2008,Flash appeal,2008-11-30,2008-05-01
ONPL08,Nepal Common Appeal for Transition Support 2008,active,2008,Other,2008-12-31,2008-01-01
ONPL0809,Nepal Floods Humanitarian Response Plan 2008,active,2008,Other,2009-03-31,2008-10-01
CSOM08,Somalia 2008,active,2008,Consolidated appeals process,2008-12-31,2008-01-01
FMOZ08,Southern African Region Preparedness and Response Plan 2008 [unrevised as of Nov. 2008; appeal closed at 33% funding and unmet requirements reduced to zero],active,2008,Flash appeal,2008-08-08,2008-02-01
OLKA08,Sri Lanka Common Humanitarian Action Plan 2008,active,2008,Other,2008-12-31,2008-01-01
CSDN08,Sudan Work Plan 2008 (Humanitarian/Early Recovery Component),active,2008,Consolidated appeals process,2008-12-31,2008-01-01
OSYR0809,Syria Drought Appeal 2008,active,2008,Other,2009-04-30,2008-10-01
FTJK08,Tajikistan Flash Appeal (Revised) 2008,active,2008,Flash appeal,2008-08-31,2008-02-01
OTLS08,Timor-Leste - Transitional Strategy and Appeal 2008,active,2008,Other,2008-12-31,2008-04-01
CUGA08,Uganda 2008,active,2008,Consolidated appeals process,2008-12-31,2008-01-01
CXWAF08,West Africa 2008,active,2008,Consolidated appeals process,2008-12-31,2008-01-01
FYEM0809,Yemen Floods Response Plan (November - April) 2008 [unrevised as of April 2008; appeal closed at 45% funding and unmet requirements reduced to zero],active,2008,Flash appeal,2009-04-30,2008-11-01
CZWE08,Zimbabwe 2008,active,2008,Consolidated appeals process,2008-12-31,2008-01-01
CPSE08,occupied Palestinian territory 2008,active,2008,Consolidated appeals process,2008-12-31,2008-01-01
FBOL07,Bolivia Flash Appeal 2007,active,2007,Flash appeal,2007-08-21,2007-02-22
FBFA0708,Burkina Faso Floods Flash Appeal 2007,active,2007,Flash appeal,2008-01-31,2007-11-01
CBDI07,Burundi 2007,active,2007,Consolidated appeals process,2007-12-31,2007-01-01
CCAF07,Central African Republic 2007,active,2007,Consolidated appeals process,2007-12-31,2007-01-01
CTCD07,Chad 2007,active,2007,Consolidated appeals process,2007-12-31,2007-01-01
CCIV07,Cote d'Ivoire 2007,active,2007,Consolidated appeals process,2007-12-31,2007-01-01
CCOD07,Democratic Republic of the Congo 2007 Humanitarian Action Plan,active,2007,Consolidated appeals process,2007-12-31,2007-01-01
FDOM0708,Dominican Republic Flash Appeal 2007,active,2007,Flash appeal,2008-05-31,2007-11-01
FGHA0708,Ghana Floods Flash Appeal 2007,active,2007,Flash appeal,2008-03-31,2007-09-01
CXGLR07,Great Lakes Region 2007,active,2007,Regional response plan,2007-12-31,2007-01-01
OIRQ0708,Iraq Health Sector Appeal 2007: Meeting the Health Needs of Iraqis Displaced in Neighbouring Countries,active,2007,Other,2008-12-31,2007-10-01
FPRK07,Korea DPR Flash Appeal: Floods Emergency 2007,active,2007,Flash appeal,2007-11-30,2007-08-28
OLBN07,Lebanon Crisis Appeal 2007,active,2007,Other,2007-09-03,2007-06-04
FLSO0708,Lesotho Drought Flash Appeal 2007,active,2007,Flash appeal,2008-01-28,2007-07-28
CLBR07,Liberia Common Humanitarian Action Plan 2007,active,2007,Consolidated appeals process,2007-12-31,2007-01-01
FMDG07,Madagascar Floods Flash Appeal 2007,active,2007,Flash appeal,2007-09-15,2007-03-15
FMOZ07,Mozambique Floods and Cyclone Flash Appeal 2007,active,2007,Flash appeal,2007-06-30,2007-03-01
ONPL07,Nepal Common Appeal for Transition Support 2007,active,2007,Other,2007-12-31,2007-01-01
FNIC0708,Nicaragua Flash Appeal 2007,active,2007,Flash appeal,2008-02-28,2007-09-07
ORUS07,North Caucasus Transitional Workplan 2007,active,2007,Other,2007-12-31,2007-01-01
FPAK07,Pakistan Cyclone and Floods Flash Appeal 2007,active,2007,Flash appeal,2007-10-31,2007-07-15
FPER0708,Peru Earthquake Flash Appeal 2007,active,2007,Flash appeal,2008-02-28,2007-08-24
CCOG07,Republic of Congo 2007,active,2007,Consolidated appeals process,2007-12-31,2007-01-01
OSLB07,Solomon Islands Earthquake and Tsunami - UNICEF Appeal 2007,active,2007,Other,2007-06-30,2007-04-04
CSOM07,Somalia 2007,active,2007,Consolidated appeals process,2007-12-31,2007-01-01
OLKA07,Sri Lanka Common Humanitarian Action Plan 2007,active,2007,Other,2007-06-30,2007-01-01
FSDN0708,Sudan Flash Appeal: Flood Response 2007,active,2007,Flash appeal,2008-01-31,2007-08-01
CSDN07,Sudan Work Plan 2007 (Humanitarian Action component),active,2007,Consolidated appeals process,2007-12-31,2007-01-01
FSWZ0708,Swaziland Drought Flash Appeal 2007,active,2007,Flash appeal,2008-01-20,2007-07-20
CTLS07,Timor-Leste 2007,active,2007,Consolidated appeals process,2007-06-30,2007-01-01
CUGA07,Uganda 2007,active,2007,Consolidated appeals process,2007-12-31,2007-01-01
FUGA0708,Uganda Floods Flash Appeal 2007,active,2007,Flash appeal,2008-03-31,2007-09-01
CXWAF07,West Africa 2007,active,2007,Consolidated appeals process,2007-12-31,2007-01-01
FZMB07,Zambia Floods Flash Appeal 2007,active,2007,Flash appeal,2007-06-30,2007-03-15
CZWE07,Zimbabwe 2007,active,2007,Consolidated appeals process,2007-12-31,2007-01-01
CPSE07,occupied Palestinian territory 2007,active,2007,Consolidated appeals process,2007-12-31,2007-01-01
OAFG06,Afghanistan Drought Joint Appeal 2006,active,2006,Other,2006-12-31,2006-07-01
CBDI06,Burundi 2006,active,2006,Consolidated appeals process,2006-12-31,2006-01-01
CCAF06,Central African Republic 2006,active,2006,Consolidated appeals process,2006-12-31,2006-01-01
CTCD06,Chad 2006,active,2006,Consolidated appeals process,2006-12-31,2006-01-01
CCIV06,Cote d'Ivoire 2006,active,2006,Consolidated appeals process,2006-12-31,2006-01-01
CCOD06,Democratic Republic of the Congo Action Plan 2006,active,2006,Consolidated appeals process,2006-12-31,2006-01-01
OETH06,Ethiopia 2006 Humanitarian Appeal (Joint Govt-NGO-UN),active,2006,Other,2006-12-31,2006-01-01
OETH06a,Ethiopia Floods Joint Appeal 2006,active,2006,Other,2006-11-25,2006-08-25
OETH0607,Ethiopia: 2006 Govt-UN Joint Emergency Flood Appeal for Somali Region,active,2006,Other,2007-01-22,2006-11-23
CXGLR06,Great Lakes Region 2006,active,2006,Consolidated appeals process,2006-12-31,2006-01-01
CGIN06,Guinea 2006,active,2006,Consolidated appeals process,2006-12-31,2006-01-01
FGNB06,Guinea-Bissau 2006,active,2006,Flash appeal,2006-11-30,2006-05-01
CXHAF06,Horn of Africa 2006,active,2006,Regional response plan,2006-12-31,2006-01-01
FIDN06,Indonesia Earthquake Response Plan 2006,active,2006,Flash appeal,2006-11-30,2006-05-01
FKEN0607,Kenya 2006,active,2006,Flash appeal,2007-04-15,2006-10-16
FKEN06,Kenya: 2006 November Floods,active,2006,Flash appeal,2006-12-31,2006-11-22
FLBN06,Lebanon Crisis 2006,active,2006,Flash appeal,2006-10-23,2006-07-24
CLBR06,Liberia 2006,active,2006,Consolidated appeals process,2006-12-31,2006-01-01
CNPL0506,Nepal 2005-2006,active,2006,Consolidated appeals process,2006-12-31,2005-10-01
ORUS06,North Caucasus Transitional Workplan 2006,active,2006,Other,2006-12-31,2006-01-01
OPHL0607,Philippines 2006 Typhoon Appeal,active,2006,Other,2007-12-31,2006-12-15
CCOG06,Republic of Congo 2006,active,2006,Consolidated appeals process,2006-12-31,2006-01-01
CSOM06,Somalia 2006,active,2006,Consolidated appeals process,2006-12-31,2006-01-01
FSOM0607,Somalia: 2006 Flood Response Plan,active,2006,Flash appeal,2007-03-05,2006-12-05
OLKA06,Sri Lanka Common Humanitarian Action Plan 2006,active,2006,Other,2006-12-31,2006-09-01
CSDN06,Sudan Work Plan 2006 (Humanitarian Action component),active,2006,Consolidated appeals process,2006-12-31,2006-01-01
OTJK06,Tajikistan Earthquake 2006,active,2006,Other,2006-12-31,2006-07-01
FTLS06,Timor-Leste 2006,active,2006,Flash appeal,2006-12-31,2006-06-01
CUGA06,Uganda 2006,active,2006,Consolidated appeals process,2006-12-31,2006-01-01
CXWAF06,West Africa 2006,active,2006,Consolidated appeals process,2006-12-31,2006-01-01
CZWE06,Zimbabwe 2006,active,2006,Consolidated appeals process,2006-12-31,2006-01-01
CPSE06,occupied Palestinian territory 2006,active,2006,Consolidated appeals process,2006-12-31,2006-01-01
FAGO05,Angola Marburg VHF 2005,active,2005,Flash appeal,2005-06-30,2005-04-01
FBEN05,Benin 2005,active,2005,Flash appeal,2005-10-31,2005-05-01
CBDI05,Burundi 2005,active,2005,Consolidated appeals process,2005-12-31,2005-01-01
CCAF05,Central African Republic 2005,active,2005,Consolidated appeals process,2005-12-31,2005-01-01
CTCD05,Chad 2005,active,2005,Consolidated appeals process,2005-12-31,2005-01-01
CRUS05,Chechnya and Neighbouring Republics (RF) 2005,active,2005,Consolidated appeals process,2005-12-31,2005-01-01
CCIV05,Cote d'Ivoire 2005,active,2005,Consolidated appeals process,2005-12-31,2005-01-01
CCOD05,Democratic Republic of the Congo 2005,active,2005,Consolidated appeals process,2005-12-31,2005-01-01
FDJI05,Djibouti Drought 2005,active,2005,Flash appeal,2005-10-31,2005-04-01
OSLV05,El Salvador Joint UN Agency Appeal 2005,active,2005,Other,2005-12-31,2005-10-01
CERI05,Eritrea 2005,active,2005,Consolidated appeals process,2005-12-31,2005-01-01
CXGLR05,Great Lakes Region 2005,active,2005,Consolidated appeals process,2005-12-31,2005-01-01
FGTM0506,Guatemala 2005,active,2005,Flash appeal,2006-03-31,2005-10-01
CGIN05,Guinea 2005,active,2005,Consolidated appeals process,2005-12-31,2005-01-01
FGUY05,Guyana 2005,active,2005,Flash appeal,2005-08-01,2005-02-01
FXINDTSU05,Indian Ocean Earthquake-Tsunami 2005,active,2005,Flash appeal,2005-06-30,2005-01-01
FMWI0506,Malawi 2005,active,2005,Flash appeal,2006-03-31,2005-09-01
FNER05,Niger 2005,active,2005,Flash appeal,2005-09-30,2005-06-01
CCOG05,Republic of Congo 2005,active,2005,Consolidated appeals process,2005-12-31,2005-01-01
CSOM05,Somalia 2005,active,2005,Consolidated appeals process,2005-12-31,2005-01-01
FXSASIA0506,South Asia Earthquake 2005,active,2005,Flash appeal,2006-04-10,2005-10-11
CSDN05,Sudan - Humanitarian & Recovery Components of the 2005 Work Plan,active,2005,Consolidated appeals process,2005-12-31,2005-01-01
CUGA05,Uganda 2005,active,2005,Consolidated appeals process,2005-12-31,2005-01-01
CXWAF05,West Africa 2005,active,2005,Consolidated appeals process,2005-12-31,2005-01-01
FXWAF0506,West and Central Africa Region Cholera 2005,active,2005,Flash appeal,2006-05-31,2005-11-01
CPSE05,occupied Palestinian territory 2005,active,2005,Consolidated appeals process,2005-12-31,2005-01-01
OAFG04,Afghanistan UN-Government Drought Appeal 2004,active,2004,Other,2004-12-31,2004-09-01
CAGO04,Angola 2004,active,2004,Consolidated appeals process,2004-12-31,2004-01-01
FBGD0405,Bangladesh 2004,active,2004,Flash appeal,2005-01-31,2004-08-01
FBOL0405,Bolivia 2004,active,2004,Flash appeal,2005-05-31,2004-11-01
CBDI04,Burundi 2004,active,2004,Consolidated appeals process,2004-12-31,2004-01-01
CCAF04,Central African Republic 2004,active,2004,Consolidated appeals process,2004-12-31,2004-01-01
CTCD04,Chad 2004,active,2004,Consolidated appeals process,2004-12-31,2004-03-01
CRUS04,Chechnya and Neighbouring Republics (RF) 2004,active,2004,Consolidated appeals process,2004-12-31,2004-01-01
CCIV04,Cote d'Ivoire + 3 2004,active,2004,Consolidated appeals process,2004-12-31,2004-01-01
CPRK04,DPR of Korea 2004,active,2004,Consolidated appeals process,2004-12-31,2004-01-01
CCOD04,Democratic Republic of the Congo 2004,active,2004,Consolidated appeals process,2004-12-31,2004-01-01
CERI04,Eritrea 2004,active,2004,Consolidated appeals process,2004-12-31,2004-01-01
CXGLR04,Great Lakes Region 2004,active,2004,Consolidated appeals process,2004-12-31,2004-01-01
FGRD0405,Grenada 2004,active,2004,Flash appeal,2005-03-31,2004-09-01
CGIN04,Guinea 2004,active,2004,Consolidated appeals process,2004-12-31,2004-01-01
FHTI04,Haiti 2004,active,2004,Flash appeal,2004-08-31,2004-03-01
FHTI0405,Haiti Floods 2004,active,2004,Flash appeal,2005-03-31,2004-10-01
CIDN04,Indonesia 2004,active,2004,Consolidated appeals process,2004-12-31,2004-01-01
FIRN04,Islamic Republic of Iran 2004,active,2004,Flash appeal,2004-03-31,2004-01-01
FKEN04,Kenya 2004,active,2004,Flash appeal,2004-12-31,2004-07-01
CLBR04,Liberia 2004,active,2004,Consolidated appeals process,2004-12-31,2004-01-01
FMDG04,Madagascar 2004,active,2004,Flash appeal,2004-06-19,2004-03-19
FPHL0405,Philippines 2004,active,2004,Flash appeal,2005-03-15,2004-12-15
CSLE04,Sierra Leone 2004,active,2004,Consolidated appeals process,2004-12-31,2004-01-01
CSOM04,Somalia 2004,active,2004,Consolidated appeals process,2004-12-31,2004-01-01
CSDN04,Sudan 2004,active,2004,Consolidated appeals process,2004-12-31,2004-01-01
CTJK04,Tajikistan 2004,active,2004,Consolidated appeals process,2004-12-31,2004-01-01
CTZA04,Tanzania (United Republic of) 2004,active,2004,Consolidated appeals process,2004-12-31,2004-01-01
CUGA04,Uganda 2004,active,2004,Consolidated appeals process,2004-12-31,2004-01-01
CXWAF04,West Africa Sub-Regional 2004,active,2004,Consolidated appeals process,2004-12-31,2004-01-01
CZWE04,Zimbabwe 2004,active,2004,Consolidated appeals process,2004-12-31,2004-01-01
CPSE04,occupied Palestinian territory 2004,active,2004,Consolidated appeals process,2004-12-31,2004-01-01
OAFG03,Afghanistan TAPA 2003,active,2003,Other,2003-12-31,2003-01-01
CAGO03,Angola 2003,active,2003,Consolidated appeals process,2003-12-31,2003-01-01
CBDI03,Burundi 2003,active,2003,Consolidated appeals process,2003-12-31,2003-01-01
FCAF03,Central African Republic 2003,active,2003,Flash appeal,2003-06-30,2003-04-01
CRUS03,Chechnya and Neighbouring Republics (RF) 2003,active,2003,Consolidated appeals process,2003-12-31,2003-01-01
OCOL03,Colombia (HAP) 2003,active,2003,Other,2003-12-31,2003-01-01
CCIV03,Cote d'Ivoire + 5 2003,active,2003,Consolidated appeals process,2003-12-31,2003-04-01
FCIV0203,Côte d'Ivoire and the West Africa Sub-Region 2002-2003,active,2003,Flash appeal,2003-01-31,2002-11-01
CPRK03,DPR of Korea 2003,active,2003,Consolidated appeals process,2003-12-31,2003-01-01
CCOD03,Democratic Republic of the Congo 2003,active,2003,Consolidated appeals process,2003-12-31,2003-01-01
CERI03,Eritrea 2003,active,2003,Consolidated appeals process,2003-12-31,2003-01-01
CXGLR03,Great Lakes Region and Central Africa 2003,active,2003,Consolidated appeals process,2003-12-31,2003-01-01
CGIN03,Guinea 2003,active,2003,Consolidated appeals process,2003-12-31,2003-01-01
OHTI03,Haiti (PIR) 2003,active,2003,Other,2003-08-31,2003-03-01
CLSO0304,Humanitarian Crisis in Southern Africa - LESOTHO (July 2003 - June 2004),active,2003,Consolidated appeals process,2004-06-30,2003-07-01
CMWI03,Humanitarian Crisis in Southern Africa - MALAWI (July 2003 - June 2004),active,2003,Consolidated appeals process,2003-12-31,2003-07-01
CMOZ0304,Humanitarian Crisis in Southern Africa - MOZAMBIQUE (July 2003 - June 2004),active,2003,Consolidated appeals process,2004-06-30,2003-07-01
CXSAF0304,Humanitarian Crisis in Southern Africa - REGION (July 2003 - June 2004),active,2003,Consolidated appeals process,2004-06-30,2003-07-01
CSWZ0304,Humanitarian Crisis in Southern Africa - SWAZILAND (July 2003 - June 2004),active,2003,Consolidated appeals process,2004-06-30,2003-07-01
CZMB0304,Humanitarian Crisis in Southern Africa - ZAMBIA (July 2003 - June 2004),active,2003,Consolidated appeals process,2004-06-30,2003-07-01
CZWE03,Humanitarian Crisis in Southern Africa - ZIMBABWE (July - December 2003),active,2003,Consolidated appeals process,2003-12-31,2003-07-01
CIDN03,Indonesia 2003,active,2003,Consolidated appeals process,2003-12-31,2003-01-01
CIRQ03,Iraq Crisis 2003,active,2003,Consolidated appeals process,2003-12-31,2003-04-01
CLBR03,Liberia 2003,active,2003,Consolidated appeals process,2003-12-31,2003-01-01
OCOG03,Republic of Congo 2003,active,2003,Other,2003-12-31,2003-01-01
CSLE03,Sierra Leone 2003,active,2003,Consolidated appeals process,2003-12-31,2003-01-01
CSOM03,Somalia 2003,active,2003,Consolidated appeals process,2003-12-31,2003-01-01
CSDN03,Sudan 2003,active,2003,Consolidated appeals process,2003-12-31,2003-01-01
CTJK03,Tajikistan 2003,active,2003,Consolidated appeals process,2003-12-31,2003-01-01
CUGA03,Uganda 2003,active,2003,Consolidated appeals process,2003-12-31,2003-01-01
CPSE03,occupied Palestinian territory 2003,active,2003,Consolidated appeals process,2003-12-31,2003-01-01
CAFG0102,Afghanistan 2002 (ITAP for the Afghan People),active,2002,Consolidated appeals process,2002-12-31,2001-10-01
CAGO02,Angola 2002,active,2002,Consolidated appeals process,2002-12-31,2002-01-01
CBDI02,Burundi 2002,active,2002,Consolidated appeals process,2002-12-31,2002-01-01
CPRK02,DPR of Korea 2002,active,2002,Consolidated appeals process,2002-12-31,2002-01-01
CCOD02,Democratic Republic of the Congo 2002,active,2002,Consolidated appeals process,2002-12-31,2002-01-01
CERI02,Eritrea 2002,active,2002,Consolidated appeals process,2002-12-31,2002-01-01
CXGLR02,Great Lakes Region and Central Africa 2002,active,2002,Consolidated appeals process,2002-12-31,2002-01-01
CGIN02,Guinea 2002,active,2002,Consolidated appeals process,2002-12-31,2002-01-01
CLSO0203,Humanitarian Crisis in Southern Africa 2002 - LESOTHO,active,2002,Consolidated appeals process,2003-06-30,2002-07-01
CMWI0203,Humanitarian Crisis in Southern Africa 2002 - MALAWI,active,2002,Consolidated appeals process,2003-06-30,2002-07-01
CXSAF0203,Humanitarian Crisis in Southern Africa 2002 - REGION,active,2002,Consolidated appeals process,2003-06-30,2002-07-01
CSWZ0203,Humanitarian Crisis in Southern Africa 2002 - SWAZILAND,active,2002,Consolidated appeals process,2003-07-30,2002-07-01
CZMB0203,Humanitarian Crisis in Southern Africa 2002 - ZAMBIA,active,2002,Consolidated appeals process,2003-06-30,2002-07-01
CZWE0203,Humanitarian Crisis in Southern Africa 2002 - ZIMBABWE,active,2002,Consolidated appeals process,2003-06-30,2002-07-01
CIDN02,Indonesia 2002,active,2002,Consolidated appeals process,2002-12-31,2002-01-01
OIDN02,Joint Appeal - Solutions for East Timorese Refugees,active,2002,Other,2002-12-31,2002-01-01
OLKA02,Joint Strategy - Returned IDPs in Sri Lanka 2002,active,2002,Other,2002-12-31,2002-01-01
OKEN02,Kenya Drought Donor Alert 2002,active,2002,Other,2002-12-31,2002-01-01
CLBR02,Liberia 2002,active,2002,Consolidated appeals process,2002-12-31,2002-01-01
CRUS02,North Caucasus 2002,active,2002,Consolidated appeals process,2002-12-31,2002-01-01
OCOG02,Republic of Congo 2002,active,2002,Other,2002-12-31,2002-01-01
CSLE02,Sierra Leone 2002,active,2002,Consolidated appeals process,2002-12-31,2002-01-01
CSOM02,Somalia 2002,active,2002,Consolidated appeals process,2002-12-31,2002-01-01
CXSEUR02,Southeastern Europe 2002,active,2002,Consolidated appeals process,2002-12-31,2002-01-01
CSDN02,Sudan 2002,active,2002,Consolidated appeals process,2002-12-31,2002-01-01
CTJK02,Tajikistan 2002,active,2002,Consolidated appeals process,2002-12-31,2002-01-01
CUGA02,Uganda 2002,active,2002,Consolidated appeals process,2002-12-31,2002-01-01
CXWAF02,West Africa 2002,active,2002,Consolidated appeals process,2002-12-31,2002-01-01
CAFG01,Afghanistan 2001,active,2001,Consolidated appeals process,2001-09-30,2001-01-01
CAGO01,Angola 2001,active,2001,Consolidated appeals process,2001-12-31,2001-01-01
CBDI01,Burundi 2001,active,2001,Consolidated appeals process,2001-12-31,2001-01-01
CPRK01,DPR of Korea 2001,active,2001,Consolidated appeals process,2001-12-31,2001-01-01
CCOD01,Democratic Republic of the Congo 2001,active,2001,Consolidated appeals process,2001-12-31,2001-01-01
ODJI01,Djibouti Drought 2001,active,2001,Other,2001-12-31,2001-01-01
OXHAF01,Drought in the Horn of Africa 2001,active,2001,Other,2001-12-31,2001-01-01
CERI01,Eritrea 2001,active,2001,Consolidated appeals process,2001-12-31,2001-01-01
CETH01,Ethiopia 2001,active,2001,Consolidated appeals process,2001-12-31,2001-01-01
CXGLR01,Great Lakes Region and Central Africa 2001,active,2001,Consolidated appeals process,2001-12-31,2001-01-01
OKEN01,Kenya Drought 2001,active,2001,Other,2001-12-31,2001-01-01
CIDN01,Maluku Crisis 2001,active,2001,Consolidated appeals process,2001-12-31,2001-01-01
CRUS01,Northern Caucasus (Russian Federation) 2001,active,2001,Consolidated appeals process,2001-12-31,2001-01-01
CCOG01,Republic of Congo 2001,active,2001,Consolidated appeals process,2001-12-31,2001-01-01
CSLE01,Sierra Leone 2001,active,2001,Consolidated appeals process,2001-12-31,2001-01-01
CSOM01,Somalia 2001,active,2001,Consolidated appeals process,2001-12-31,2001-01-01
CXSEUR01,Southeastern Europe 2001,active,2001,Consolidated appeals process,2001-12-31,2001-01-01
CSDN01,Sudan 2001,active,2001,Consolidated appeals process,2001-12-31,2001-01-01
CTJK01,Tajikistan 2001,active,2001,Consolidated appeals process,2001-12-31,2001-01-01
CTZA01,Tanzania (United Republic of) 2001,active,2001,Consolidated appeals process,2001-12-31,2001-01-01
OTZA01,Tanzania (United Republic of) Drought 2001,active,2001,Other,2001-12-31,2001-01-01
CUGA01,Uganda 2001,active,2001,Consolidated appeals process,2001-12-31,2001-01-01
CXWAF01,West Africa 2001,active,2001,Consolidated appeals process,2001-12-31,2001-01-01
CAGO00,Angola 2000,active,2000,Consolidated appeals process,2000-12-31,2000-01-01
CBDI00,Burundi 2000,active,2000,Consolidated appeals process,2000-12-31,2000-01-01
CPRK00,DPR of Korea 2000,active,2000,Consolidated appeals process,2000-12-31,2000-01-01
CCOD00,Democratic Republic of the Congo 2000,active,2000,Consolidated appeals process,2000-12-31,2000-01-01
CXGLR00,Great Lakes Region and Central Africa 2000,active,2000,Consolidated appeals process,2000-12-31,2000-01-01
CIDN0099,Maluku Crisis 2000,active,2000,Consolidated appeals process,2000-12-31,2000-03-01
CCOG00,Republic of Congo 2000,active,2000,Consolidated appeals process,2000-12-31,2000-01-01
CSLE00,Sierra Leone 2000,active,2000,Consolidated appeals process,2000-12-31,2000-01-01
CSOM00,Somalia 2000,active,2000,Consolidated appeals process,2000-12-31,2000-01-01
CXSEUR00,Southeastern Europe 2000,active,2000,Consolidated appeals process,2000-12-31,2000-01-01
CSDN00,Sudan 2000,active,2000,Consolidated appeals process,2000-12-31,2000-01-01
CTJK00,Tajikistan 2000,active,2000,Consolidated appeals process,2000-12-31,2000-01-01
CTZA00,Tanzania (United Republic of) 2000,active,2000,Consolidated appeals process,2000-12-31,2000-01-01
CUGA00,Uganda 2000,active,2000,Consolidated appeals process,2000-12-31,2000-01-01
CTLS9900,East Timor 1999,active,1999,Consolidated appeals process,2000-12-31,1999-10-01
CRUS9900,Northern Caucasus (Russian Federation) 1999,active,1999,Consolidated appeals process,2000-12-31,1999-12-01
CIDN9900,West Timor 1999,active,1999,Consolidated appeals process,2000-12-31,1999-10-01
