code,status,codeforiati:plan-start-date,codeforiati:plan-year,codeforiati:plan-type,codeforiati:plan-end-date
HAFG25,active,2025-01-01,2025,Humanitarian needs and response plan,2025-12-31
RIRNPAK25,active,2025-01-01,2025,Regional response plan,2025-12-31
OBGD25,active,2025-01-01,2025,Other,2025-03-31
HBFA25,active,2025-01-01,2025,Humanitarian needs and response plan,2025-12-31
HCMR25,active,2025-01-01,2025,Humanitarian response plan,2025-12-31
HCOL25,active,2025-01-01,2025,Humanitarian needs and response plan,2025-12-31
RDRC_RRP25,active,2025-01-01,2025,Regional response plan,2025-12-31
HSLV25,active,2025-01-01,2025,Humanitarian needs and response plan,2025-12-31
FPSE25,active,2025-01-01,2025,Flash appeal,2025-12-31
HGTM25,active,2025-01-01,2025,Humanitarian needs and response plan,2025-12-31
HHTI25,active,2025-01-01,2025,Humanitarian needs and response plan,2025-12-31
HHND25,active,2025-01-01,2025,Humanitarian needs and response plan,2025-12-31
FLBN25,active,2025-01-01,2025,Flash appeal,2025-03-31
FMWI25,active,2025-01-01,2025,Flash appeal,2025-06-01
HMLI25,active,2025-01-01,2025,Humanitarian needs and response plan,2025-12-31
FMOZ25,active,2025-01-01,2025,Flash appeal,2025-07-31
HMOZ25,active,2025-01-01,2025,Humanitarian needs and response plan,2025-12-31
FMOZ25a,active,2025-01-01,2025,Flash appeal,2025-06-30
HMMR25a,active,2025-04-01,2025,Humanitarian needs and response plan,2025-12-31
HMMR25b,active,2025-01-01,2025,Humanitarian needs and response plan,2025-12-31
HNER25,active,2025-01-01,2025,Humanitarian needs and response plan,2025-12-31
HNGA25,active,2025-01-01,2025,Humanitarian needs and response plan,2025-12-31
OPHL25,active,2025-01-01,2025,Other,2025-04-30
RRHOAY25,active,2025-01-01,2025,Regional response plan,2025-12-31
RBGD25,active,2025-01-01,2025,Regional response plan,2025-12-31
HCAF25,active,2025-01-01,2025,Humanitarian needs and response plan,2025-12-31
HCOD25,active,2025-01-01,2025,Humanitarian needs and response plan,2025-12-31
HSOM25,active,2025-01-01,2025,Humanitarian needs and response plan,2025-12-31
HSSD25,active,2025-01-01,2025,Humanitarian needs and response plan,2025-12-31
RETHKENUGA25,active,2025-01-01,2025,Regional response plan,2025-12-31
RRSDN25,active,2025-01-01,2025,Regional response plan,2025-12-31
HSDN25,active,2025-01-01,2025,Humanitarian needs and response plan,2025-12-31
FSYR25,active,2025-01-01,2025,Flash appeal,2025-12-31
RSYR25,active,2025-01-01,2025,Regional response plan,2025-12-31
HTCD25,active,2025-01-01,2025,Humanitarian needs and response plan,2025-12-31
HUKR25,active,2025-01-01,2025,Humanitarian needs and response plan,2025-12-31
RUKRN25,active,2025-01-01,2025,Regional response plan,2025-12-31
HVEN25,active,2025-01-01,2025,Humanitarian response plan,2025-12-31
RREG25,active,2025-01-01,2025,Regional response plan,2025-12-31
OVNM25,active,2025-01-01,2025,Other,2025-06-30
HYEM25,active,2025-01-01,2025,Humanitarian needs and response plan,2025-12-31
FZMB25,active,2025-01-01,2025,Flash appeal,2025-06-30
FZWE25,active,2025-01-01,2025,Flash appeal,2025-06-01
HAFG24,active,2024-01-01,2024,Humanitarian needs and response plan,2024-12-31
RAFG_RRP24,active,2024-01-01,2024,Regional response plan,2024-12-31
OBGD24,active,2024-06-01,2024,Other,2024-12-31
HBFA24,active,2024-01-01,2024,Humanitarian response plan,2024-12-31
OBDI24,active,2024-03-01,2024,Other,2024-12-31
HCMR24,active,2024-01-01,2024,Humanitarian response plan,2024-12-31
HCOL24,active,2024-01-01,2024,Humanitarian needs and response plan,2024-12-31
FPSE24,active,2024-01-01,2024,Flash appeal,2024-12-31
RDRC_RRP24,active,2024-01-01,2024,Regional response plan,2024-12-31
HSLV24,active,2024-01-01,2024,Humanitarian response plan,2024-12-31
HETH24,active,2024-01-01,2024,Humanitarian response plan,2024-12-31
FFA24,active,2024-07-03,2024,Flash appeal,2024-12-31
HGTM24,active,2024-01-01,2024,Humanitarian response plan,2024-12-31
HHTI24,active,2024-01-01,2024,Humanitarian needs and response plan,2024-12-31
HHND24,active,2024-01-01,2024,Humanitarian needs and response plan,2024-12-31
OSYR24,active,2024-10-01,2024,Other,2024-12-31
FLBN24,active,2024-10-01,2024,Flash appeal,2024-12-31
FLBY24,active,2024-01-01,2024,Flash appeal,2024-06-30
FMDG24,active,2024-01-01,2024,Flash appeal,2024-05-31
FMWI24,active,2024-07-15,2024,Flash appeal,2024-12-31
HMLI24,active,2024-01-01,2024,Humanitarian needs and response plan,2024-12-31
OMNG2324,active,2023-12-01,2024,Other,2024-05-31
FMOZ24,active,2024-08-01,2024,Flash appeal,2024-12-31
HMOZ24,active,2024-01-01,2024,Humanitarian needs and response plan,2024-12-31
HMMR24,active,2024-01-01,2024,Humanitarian needs and response plan,2024-12-31
ONPL24,active,2024-10-07,2024,Other,2024-12-31
HNER24,active,2024-01-01,2024,Humanitarian needs and response plan,2024-12-31
HNGA24,active,2024-01-01,2024,Humanitarian response plan,2024-12-31
OPHL24,active,2024-11-13,2024,Other,2024-12-31
HPSE24,withdrawn,2024-01-01,2024,Humanitarian response plan,2024-12-31
RRHOAY24,active,2024-01-01,2024,Regional response plan,2024-12-31
HCAF24,active,2024-01-01,2024,Humanitarian response plan,2024-12-31
HCOD24,active,2024-01-01,2024,Humanitarian response plan,2024-12-31
RBGD24,active,2024-01-01,2024,Regional response plan,2024-12-31
FVCT24,active,2024-07-03,2024,Flash appeal,2024-12-31
HSOM24,active,2024-01-01,2024,Humanitarian needs and response plan,2024-12-31
HSSD24,active,2024-01-01,2024,Humanitarian needs and response plan,2024-12-31
RETHKENUGA24,active,2024-01-01,2024,Regional response plan,2024-12-31
RRSDN24,active,2024-01-01,2024,Regional response plan,2024-12-31
HSDN24,active,2024-01-01,2024,Humanitarian needs and response plan,2024-12-31
HSYR24,active,2024-01-01,2024,Humanitarian response plan,2024-12-31
RSYR24,active,2024-01-01,2024,Regional response plan,2024-12-31
HTCD24,active,2024-01-01,2024,Humanitarian needs and response plan,2024-12-31
HUKR24,active,2024-01-01,2024,Humanitarian needs and response plan,2024-12-31
RUKRN24,active,2024-01-01,2024,Regional response plan,2024-12-31
HVEN24,active,2024-01-01,2024,Humanitarian response plan,2024-12-31
RREG24,active,2024-01-01,2024,Regional response plan,2024-12-31
OVNM24,active,2024-09-27,2024,Other,2024-12-31
HYEM24,active,2024-01-01,2024,Humanitarian response plan,2024-12-31
FZMB24,active,2024-05-01,2024,Flash appeal,2024-12-31
FZWE24,active,2024-05-01,2024,Flash appeal,2024-12-31
HAFG23,active,2023-01-01,2023,Humanitarian response plan,2023-12-31
RAFG23,active,2023-01-01,2023,Regional response plan,2023-12-31
HBFA23,active,2023-01-01,2023,Humanitarian response plan,2023-12-31
HBDI23,active,2023-01-01,2023,Humanitarian response plan,2023-12-31
HCMR23,active,2023-01-01,2023,Humanitarian response plan,2023-12-31
HCOL23,active,2023-01-01,2023,Humanitarian response plan,2023-12-31
RDRCRRP23,active,2023-01-01,2023,Regional response plan,2023-12-31
HSLV23,active,2023-01-01,2023,Humanitarian response plan,2023-12-31
FPSE23,active,2023-10-01,2023,Flash appeal,2023-12-31
FMWI23,active,2023-01-01,2023,Flash appeal,2023-12-31
HETH23,active,2023-01-01,2023,Humanitarian response plan,2023-12-31
HGTM23,active,2023-01-01,2023,Humanitarian response plan,2023-12-31
HHTI23,active,2023-01-01,2023,Humanitarian response plan,2023-12-31
HHND23,active,2023-01-01,2023,Humanitarian response plan,2023-12-31
FKEN23,active,2023-01-01,2023,Flash appeal,2023-12-31
OLBN23,active,2023-01-01,2023,Other,2023-12-31
FLBY23,active,2023-09-14,2023,Flash appeal,2023-12-31
FMDG23,active,2023-01-01,2023,Flash appeal,2023-12-31
HMLI23,active,2023-01-01,2023,Humanitarian response plan,2023-12-31
OMNG2223,active,2022-12-01,2023,Other,2023-05-31
OMOZ23,active,2023-03-01,2023,Other,2023-09-30
HMOZ23,active,2023-01-01,2023,Humanitarian response plan,2023-12-31
HMMR23,active,2023-01-01,2023,Humanitarian response plan,2023-12-31
HNER23,active,2023-01-01,2023,Humanitarian response plan,2023-12-31
HNGA23,active,2023-01-01,2023,Humanitarian response plan,2023-12-31
HPSE23,active,2023-01-01,2023,Humanitarian response plan,2023-09-30
OPAK23,active,2023-01-01,2023,Other,2023-05-31
RDJIETHSOM23,active,2023-01-01,2023,Regional response plan,2023-12-31
RDJIETHSOMYEM23,withdrawn,2023-01-01,2023,Regional response plan,2023-12-31
HCAF23,active,2023-01-01,2023,Humanitarian response plan,2023-12-31
HCOD23,active,2023-01-01,2023,Humanitarian response plan,2023-12-31
RBGD23,active,2023-01-01,2023,Regional response plan,2023-12-31
HSOM23,active,2023-01-01,2023,Humanitarian response plan,2023-12-31
HSSD23,active,2023-01-01,2023,Humanitarian response plan,2023-12-31
RETHKENUGA23,active,2023-01-01,2023,Regional response plan,2023-12-31
RRSDN23,active,2023-05-01,2023,Regional response plan,2023-10-31
HSDN23,active,2023-01-01,2023,Humanitarian response plan,2023-12-31
FSYR23,active,2023-02-13,2023,Flash appeal,2023-05-31
HSYR23,active,2023-01-01,2023,Humanitarian response plan,2023-12-31
FTUR23,active,2023-02-16,2023,Flash appeal,2023-05-31
RSYR23,active,2023-01-01,2023,Regional response plan,2023-12-31
HTCD23,active,2023-01-01,2023,Humanitarian response plan,2023-12-31
HUKR23,active,2023-01-01,2023,Humanitarian response plan,2023-12-31
RUKRN23,active,2023-01-01,2023,Regional response plan,2023-12-31
HVEN23,active,2023-01-01,2023,Humanitarian response plan,2023-12-31
RREG23,active,2023-01-01,2023,Regional response plan,2023-12-31
HYEM23,active,2023-01-01,2023,Humanitarian response plan,2023-12-31
HAFG22,active,2022-01-01,2022,Humanitarian response plan,2022-12-31
RAFG22,active,2022-01-01,2022,Regional response plan,2022-12-31
RBGD22,active,2022-01-01,2022,Regional response plan,2022-12-31
HBFA22,active,2022-01-01,2022,Humanitarian response plan,2022-12-31
HBDI22,active,2022-01-01,2022,Humanitarian response plan,2022-12-31
HCMR22,active,2022-01-01,2022,Humanitarian response plan,2022-12-31
HCOL22,active,2022-01-01,2022,Humanitarian response plan,2022-12-31
OCUB2223,active,2022-10-20,2022,Other,2023-03-31
RDRCRRP22,active,2022-01-01,2022,Regional response plan,2022-12-31
HSLV22,active,2022-01-01,2022,Humanitarian response plan,2022-12-31
HETH22,active,2022-01-01,2022,Humanitarian response plan,2022-12-31
HGTM22,active,2022-01-01,2022,Humanitarian response plan,2022-12-31
FHTI2223,active,2022-10-16,2022,Flash appeal,2023-04-15
FHTI22,withdrawn,2022-10-16,2022,Flash appeal,2022-12-31
HHTI22,active,2022-01-01,2022,Humanitarian response plan,2022-12-31
HHND22,active,2022-01-01,2022,Humanitarian response plan,2022-12-31
HIRQ22,active,2022-01-01,2022,Humanitarian response plan,2022-12-31
FKEN22,active,2022-01-01,2022,Flash appeal,2022-10-31
OLBN22,active,2022-01-01,2022,Other,2022-12-31
HLBY22,active,2022-01-01,2022,Humanitarian response plan,2022-12-31
FMDG22,active,2022-01-01,2022,Flash appeal,2022-12-31
FMWI22,active,2022-02-26,2022,Flash appeal,2022-05-31
HMLI22,active,2022-01-01,2022,Humanitarian response plan,2022-12-31
FMOZ22,active,2022-04-01,2022,Flash appeal,2022-09-30
HMOZ22,active,2022-01-01,2022,Humanitarian response plan,2022-12-31
HMMR22,active,2022-01-01,2022,Humanitarian response plan,2022-12-31
HNER22,active,2022-01-01,2022,Humanitarian response plan,2022-12-31
HNGA22,active,2022-01-01,2022,Humanitarian response plan,2022-12-31
HPSE22,active,2022-01-01,2022,Humanitarian response plan,2022-12-31
OPAK22,active,2022-09-01,2022,Other,2022-12-31
OPAK2223,withdrawn,2022-09-01,2022,Other,2023-02-28
OPHL2122,active,2021-12-24,2022,Other,2022-06-30
RREG22,active,2022-01-01,2022,Regional response plan,2022-12-31
RDJIETHSOMYEM22,active,2022-01-01,2022,Regional response plan,2022-12-31
HCAF22,active,2022-01-01,2022,Humanitarian response plan,2022-12-31
HCOD22,active,2022-01-01,2022,Humanitarian response plan,2022-12-31
HSOM22,active,2022-01-01,2022,Humanitarian response plan,2022-12-31
HSSD22,active,2022-01-01,2022,Humanitarian response plan,2022-12-31
RSSDRRP22,active,2022-01-01,2022,Regional response plan,2022-12-31
OLKA22,active,2022-06-09,2022,Other,2022-12-31
HSDN22,active,2022-01-01,2022,Humanitarian response plan,2022-12-31
HSYR22,active,2022-01-01,2022,Humanitarian response plan,2022-12-31
RSYR22,active,2022-01-01,2022,Regional response plan,2022-12-31
HTCD22,active,2022-01-01,2022,Humanitarian response plan,2022-12-31
FUKR22,active,2022-03-01,2022,Flash appeal,2022-12-31
HUKR22,active,2022-01-01,2022,Humanitarian response plan,2022-12-31
RUKRN22,active,2022-03-01,2022,Regional response plan,2022-08-31
HVEN22,active,2022-01-01,2022,Humanitarian response plan,2022-12-31
HYEM22,active,2022-01-01,2022,Humanitarian response plan,2022-12-31
FAFG21,active,2021-09-01,2021,Flash appeal,2021-12-31
HAFG21,active,2021-01-01,2021,Humanitarian response plan,2021-12-31
RBGD21,active,2021-01-01,2021,Regional response plan,2021-12-31
HBFA21,active,2021-01-01,2021,Humanitarian response plan,2021-12-31
HBDI21,active,2021-01-01,2021,Humanitarian response plan,2021-12-31
RRWATZAUGA21,active,2021-01-01,2021,Regional response plan,2021-12-31
HCMR21,active,2021-01-01,2021,Humanitarian response plan,2021-12-31
HCAF21,active,2021-01-01,2021,Humanitarian response plan,2021-12-31
HTCD21,active,2021-01-01,2021,Humanitarian response plan,2021-12-31
HCOL21,active,2021-01-01,2021,Humanitarian response plan,2021-12-31
HCOD21,active,2021-01-01,2021,Humanitarian response plan,2021-12-31
RDRCRRP21,active,2021-01-01,2021,Regional response plan,2021-12-31
HSLV21,active,2021-08-01,2021,Humanitarian response plan,2021-12-31
HSLV2122,withdrawn,2021-08-01,2021,Humanitarian response plan,2022-12-31
FPSE21,active,2021-05-27,2021,Flash appeal,2021-08-27
HETH21,active,2021-01-01,2021,Humanitarian response plan,2021-12-31
HGTM21,active,2021-08-01,2021,Humanitarian response plan,2021-12-31
HGTM2122,withdrawn,2021-08-01,2021,Humanitarian response plan,2022-12-31
FHTI2122,active,2021-08-16,2021,Flash appeal,2022-02-15
HHTI21,active,2021-01-01,2021,Humanitarian response plan,2021-12-31
FHND2021,active,2020-11-15,2021,Flash appeal,2021-06-30
HHND21,active,2021-08-01,2021,Humanitarian response plan,2021-12-31
HHND2122,withdrawn,2021-08-01,2021,Humanitarian response plan,2022-12-31
HIRQ21,active,2021-01-01,2021,Humanitarian response plan,2021-12-31
FKEN21,active,2021-10-01,2021,Flash appeal,2021-12-31
OLBN2122,active,2021-08-03,2021,Other,2022-07-31
HLBY21,active,2021-01-01,2021,Humanitarian response plan,2021-12-31
FMDG2122,withdrawn,2021-01-01,2021,Flash appeal,2022-05-31
FMDG21,active,2021-01-01,2021,Flash appeal,2021-12-31
HMLI21,active,2021-01-01,2021,Humanitarian response plan,2021-12-31
HMOZ21,active,2021-01-01,2021,Humanitarian response plan,2021-12-31
HMMR21,active,2021-01-01,2021,Humanitarian response plan,2021-12-31
OMMR21,active,2021-07-01,2021,Other,2021-12-31
ONPL21,active,2021-05-01,2021,Other,2021-12-31
HNER21,active,2021-01-01,2021,Humanitarian response plan,2021-12-31
HNGA21,active,2021-01-01,2021,Humanitarian response plan,2021-12-31
FETH21,active,2021-05-01,2021,Flash appeal,2021-12-31
OETH21,withdrawn,2021-05-01,2021,Other,2021-12-31
HPSE21,active,2021-01-01,2021,Humanitarian response plan,2021-12-31
HPAK21,active,2021-01-01,2021,Humanitarian response plan,2021-12-31
RREG21,active,2021-01-01,2021,Regional response plan,2021-12-31
RDJIETHSOMYEM21,active,2021-01-01,2021,Regional response plan,2021-12-31
HSOM21,active,2021-01-01,2021,Humanitarian response plan,2021-12-31
HSSD21,active,2021-01-01,2021,Humanitarian response plan,2021-12-31
RETHKENUGA21,active,2021-01-01,2021,Regional response plan,2021-12-31
HSDN21,active,2021-01-01,2021,Humanitarian response plan,2021-12-31
HSYR21,active,2021-01-01,2021,Humanitarian response plan,2021-12-31
RSYR21,active,2021-01-01,2021,Regional response plan,2021-12-31
HUKR21,active,2021-01-01,2021,Humanitarian response plan,2021-12-31
HVEN21,active,2021-01-01,2021,Humanitarian response plan,2021-12-31
HYEM21,active,2021-01-01,2021,Humanitarian response plan,2021-12-31
HZWE21,active,2021-01-01,2021,Humanitarian response plan,2021-12-31
HAFG20,active,2020-01-01,2020,Humanitarian response plan,2020-12-31
OBGD20,active,2020-05-01,2020,Other,2020-12-31
RBGD20,active,2020-01-01,2020,Regional response plan,2020-12-31
OBEN20,active,2020-05-01,2020,Other,2020-12-31
HBFA20,active,2020-01-01,2020,Humanitarian response plan,2020-12-31
HBDI20,active,2020-01-01,2020,Humanitarian response plan,2020-12-31
RRWATZAUGA20,active,2020-01-01,2020,Regional response plan,2020-12-31
OMOZ20a,active,2020-06-01,2020,Other,2020-12-31
HCMR20,active,2020-01-01,2020,Humanitarian response plan,2020-12-31
HCAF2021,active,2020-01-02,2020,Humanitarian response plan,2021-01-01
HTCD20,active,2020-01-01,2020,Humanitarian response plan,2020-12-31
HCOL20,active,2020-01-01,2020,Humanitarian response plan,2020-12-31
OCOL20,active,2020-05-01,2020,Other,2020-12-31
OPRK20c,active,2020-05-01,2020,Other,2020-12-31
HCOVD20,withdrawn,2020-03-25,2020,Humanitarian response plan,2020-12-31
RDRCRRP20,active,2020-01-01,2020,Regional response plan,2020-12-31
HCOD20,active,2020-01-01,2020,Humanitarian response plan,2020-12-31
FDJI1920,active,2019-12-17,2020,Flash appeal,2020-03-31
ODJI20,active,2020-05-01,2020,Other,2020-12-31
OPRK20a,withdrawn,2020-05-01,2020,Other,2020-12-31
OPRK20b,active,2020-01-01,2020,Other,2020-12-31
OECU20,active,2020-05-01,2020,Other,2020-12-31
HETH20,active,2020-01-01,2020,Humanitarian response plan,2020-12-31
OGLBL20b,active,2020-05-01,2020,Other,2020-12-31
OCOVD20,active,2020-03-25,2020,Other,2020-12-31
OGLBL20,withdrawn,2020-05-01,2020,Other,2020-12-31
O20,active,2020-05-01,2020,Other,2020-12-31
HHTI20,active,2020-01-01,2020,Humanitarian response plan,2020-12-31
OIRN20,active,2020-05-01,2020,Other,2020-12-31
HIRQ20,active,2020-01-01,2020,Humanitarian response plan,2020-12-31
OJOR20,active,2020-05-01,2020,Other,2020-12-31
OKEN20,active,2020-01-05,2020,Other,2020-12-31
FLBN20,active,2020-08-05,2020,Flash appeal,2020-11-13
OLBN20,active,2020-05-01,2020,Other,2020-12-31
FLSO1920,active,2019-11-01,2020,Flash appeal,2020-04-30
OLBR20,active,2020-05-01,2020,Other,2020-12-31
HLBY20,active,2020-01-01,2020,Humanitarian response plan,2020-12-31
HMLI20,active,2020-01-01,2020,Humanitarian response plan,2020-12-31
OMOZ20b,active,2020-05-01,2020,Other,2020-12-31
HMMR20,active,2020-01-01,2020,Humanitarian response plan,2020-12-31
HNER20,active,2020-01-01,2020,Humanitarian response plan,2020-12-31
HNGA20,active,2020-01-01,2020,Humanitarian response plan,2020-12-31
HPSE20,active,2020-01-01,2020,Humanitarian response plan,2020-12-31
OPAK20,active,2020-01-05,2020,Other,2020-12-31
OPHL20,active,2020-05-01,2020,Other,2020-12-31
RREG20,active,2020-01-01,2020,Regional response plan,2020-12-31
RDJIETHSOMYEM20,active,2020-01-01,2020,Regional response plan,2020-12-31
OCOG20,active,2020-01-05,2020,Other,2020-12-31
OSLE20,active,2020-05-01,2020,Other,2020-12-31
HSOM20,active,2020-01-01,2020,Humanitarian response plan,2020-12-31
HSSD20,active,2020-01-01,2020,Humanitarian response plan,2020-12-31
RETHKENUGA20,active,2020-01-01,2020,Regional response plan,2020-12-31
HSDN20,active,2020-01-01,2020,Humanitarian response plan,2020-12-31
HSYR20,active,2020-01-01,2020,Humanitarian response plan,2020-12-31
RSYR20,active,2020-01-01,2020,Regional response plan,2020-12-31
OTZA20,active,2020-05-01,2020,Other,2020-12-31
OTGO20,active,2020-05-01,2020,Other,2020-12-31
OUGA20,active,2020-05-01,2020,Other,2020-12-31
HUKR20,active,2020-01-01,2020,Humanitarian response plan,2020-12-31
OGLBL20a,active,2020-05-01,2020,Other,2020-12-31
HVEN20,active,2020-01-01,2020,Humanitarian response plan,2020-12-31
HYEM20,active,2020-01-01,2020,Humanitarian response plan,2020-12-31
OZMB1920,active,2019-10-01,2020,Other,2020-03-31
OZMB20,active,2020-05-01,2020,Other,2020-12-31
HZWE20,active,2020-01-01,2020,Humanitarian response plan,2020-12-31
HAFG19,active,2019-01-01,2019,Humanitarian response plan,2019-12-31
RBGD19,active,2019-01-01,2019,Regional response plan,2019-12-31
OBGD19,withdrawn,2019-01-01,2019,Other,2019-12-31
OBFA19,active,2019-01-01,2019,Other,2019-12-31
HBDI19,active,2019-01-01,2019,Humanitarian response plan,2019-12-31
HCMR19,active,2019-01-01,2019,Humanitarian response plan,2019-12-31
HCAF19,active,2019-01-01,2019,Humanitarian response plan,2019-12-31
HTCD19,active,2019-01-01,2019,Humanitarian response plan,2019-12-31
HCOD19,active,2019-01-01,2019,Humanitarian response plan,2019-12-31
OPRK19,active,2019-01-01,2019,Other,2019-12-31
HETH19,active,2019-01-01,2019,Humanitarian response plan,2019-12-31
HHTI19,active,2019-01-01,2019,Humanitarian response plan,2019-12-31
HIRQ19,active,2019-01-01,2019,Humanitarian response plan,2019-12-31
OIRN19,active,2019-04-01,2019,Other,2019-12-31
HLBY19,active,2019-01-01,2019,Humanitarian response plan,2019-12-31
FMDG19,active,2019-01-01,2019,Flash appeal,2019-04-30
HMLI19,active,2019-01-01,2019,Humanitarian response plan,2019-12-31
HMOZ19,active,2019-01-01,2019,Humanitarian response plan,2019-12-31
HMMR19,active,2019-01-01,2019,Humanitarian response plan,2019-12-31
HNER19,active,2019-01-01,2019,Humanitarian response plan,2019-12-31
HNGA19,active,2019-01-01,2019,Humanitarian response plan,2019-12-31
HPSE19,active,2019-01-01,2019,Humanitarian response plan,2019-12-30
OPAK19,active,2019-01-01,2019,Other,2019-12-31
RSAMR19,active,2019-01-01,2019,Regional response plan,2019-12-31
OSAMR19,withdrawn,2019-01-01,2019,Other,2019-12-31
HSOM19,active,2019-01-01,2019,Humanitarian response plan,2019-12-31
HSSD19,active,2019-01-01,2019,Humanitarian response plan,2019-12-31
HSDN19,active,2019-01-01,2019,Humanitarian response plan,2019-12-31
HSYR19,active,2019-01-01,2019,Humanitarian response plan,2019-12-31
RSYR19,active,2019-01-01,2019,Regional response plan,2019-12-31
HUKR19,active,2019-01-01,2019,Humanitarian response plan,2019-12-31
HVEN19,active,2019-01-01,2019,Humanitarian response plan,2019-12-31
HYEM19,active,2019-01-01,2019,Humanitarian response plan,2019-12-31
FZWE1920,active,2019-02-01,2019,Flash appeal,2020-04-29
FZWE1820,withdrawn,2018-12-01,2019,Flash appeal,2020-04-29
HAFG18,active,2018-01-01,2018,Humanitarian response plan,2018-12-31
OBGD18,withdrawn,2018-01-22,2018,Other,2018-12-31
OBFA18,active,2018-01-01,2018,Other,2018-12-31
HBDI18,active,2018-01-01,2018,Humanitarian response plan,2018-12-31
HCMR18,active,2018-01-01,2018,Humanitarian response plan,2018-12-31
HCAF18,active,2018-01-01,2018,Humanitarian response plan,2018-12-31
HTCD18,active,2018-01-01,2018,Humanitarian response plan,2018-12-31
HCOD18,active,2018-01-01,2018,Humanitarian response plan,2018-12-31
OPRK18,active,2018-01-01,2018,Other,2018-12-31
HETH18,active,2018-01-01,2018,Humanitarian response plan,2018-12-31
HHTI18,active,2018-01-01,2018,Humanitarian response plan,2018-12-31
OIDN18,active,2018-10-01,2018,Other,2018-12-31
HIRQ18,active,2018-01-01,2018,Humanitarian response plan,2018-12-31
HLBY18,active,2018-01-01,2018,Humanitarian response plan,2018-12-31
HMLI18,active,2018-01-01,2018,Humanitarian response plan,2018-12-31
OMRT18,active,2018-01-01,2018,Other,2018-12-31
HMMR18,active,2018-01-01,2018,Humanitarian response plan,2018-12-31
HNER18,active,2018-01-01,2018,Humanitarian response plan,2018-12-31
HNGA18,active,2018-01-01,2018,Humanitarian response plan,2018-12-31
HPSE18,active,2018-01-01,2018,Humanitarian response plan,2018-12-31
OPAK18,active,2018-01-01,2018,Other,2018-12-31
OPHL18,active,2018-02-21,2018,Other,2018-12-31
RBGD18,active,2018-01-22,2018,Regional response plan,2018-12-31
HSSD18,active,2018-01-01,2018,Humanitarian response plan,2018-12-31
OSEN18,active,2018-01-01,2018,Other,2018-12-31
HSOM18,active,2018-01-01,2018,Humanitarian response plan,2018-12-31
HSDN18,active,2018-01-01,2018,Humanitarian response plan,2018-12-24
HSYR18,active,2018-11-30,2018,Humanitarian response plan,2018-12-30
RSYR18,active,2018-01-01,2018,Regional response plan,2018-12-31
HSYR17a,withdrawn,2018-11-30,2018,Humanitarian response plan,2018-12-30
R18,withdrawn,2018-01-01,2018,Regional response plan,2018-12-31
HUKR18,active,2018-01-01,2018,Humanitarian response plan,2018-12-31
HYEM18,active,2018-01-01,2018,Humanitarian response plan,2018-12-31
OEUR17,active,2017-01-01,2017,Regional response plan,2017-12-31
HAFG17,active,2017-01-01,2017,Humanitarian response plan,2017-12-31
OBGD17,active,2017-08-01,2017,Regional response plan,2017-12-31
HBFA17,active,2017-01-01,2017,Humanitarian response plan,2017-12-31
HBDI17,active,2017-01-01,2017,Humanitarian response plan,2017-12-31
HCMR17,active,2017-01-01,2017,Humanitarian response plan,2017-12-31
HCAF17,active,2017-01-01,2017,Humanitarian response plan,2017-12-31
HTCD17,active,2017-01-01,2017,Humanitarian response plan,2017-12-31
OCUB17,active,2017-09-18,2017,Other,2017-12-31
HCOD17,active,2017-02-13,2017,Humanitarian response plan,2017-12-31
HDJI17,active,2017-01-01,2017,Humanitarian response plan,2017-12-31
FDMA17,active,2017-09-28,2017,Flash appeal,2017-12-29
OPRK17,active,2017-01-01,2017,Other,2017-12-31
HETH17,active,2017-01-01,2017,Humanitarian response plan,2017-12-31
HHTI17,active,2017-01-01,2017,Humanitarian response plan,2017-12-31
O17,active,2017-09-15,2017,Other,2017-12-31
HIRQ17,active,2017-01-01,2017,Humanitarian response plan,2017-12-31
FKEN17,active,2017-02-10,2017,Flash appeal,2017-11-30
HLBY17,active,2017-01-01,2017,Humanitarian response plan,2017-12-31
FMDG17,active,2017-03-20,2017,Flash appeal,2017-06-20
HMLI17,active,2017-01-01,2017,Humanitarian response plan,2017-12-31
HMRT17,active,2017-01-01,2017,Humanitarian response plan,2017-12-31
FMOZ17,active,2017-02-28,2017,Flash appeal,2017-05-31
HMMR17,active,2017-01-01,2017,Humanitarian response plan,2017-12-31
HNER17,active,2017-01-01,2017,Humanitarian response plan,2017-12-31
HNGA17,active,2017-01-01,2017,Humanitarian response plan,2017-12-31
HPSE17,active,2017-01-01,2017,Humanitarian response plan,2017-12-31
HPAK17,active,2017-01-01,2017,Other,2017-12-31
FPER17,active,2017-04-01,2017,Flash appeal,2017-10-31
HCOG17,active,2017-07-19,2017,Humanitarian response plan,2017-12-31
HSSD17,active,2017-01-01,2017,Humanitarian response plan,2017-12-31
HSEN17,active,2017-01-01,2017,Humanitarian response plan,2017-12-31
HSOM17,active,2017-01-01,2017,Humanitarian response plan,2017-12-31
HSDN17,active,2017-01-01,2017,Humanitarian response plan,2017-12-31
HSYR17,active,2017-01-01,2017,Humanitarian response plan,2017-12-31
RSYR17,active,2017-01-01,2017,Regional response plan,2017-12-31
HSYR17b,withdrawn,2017-01-01,2017,Humanitarian response plan,2017-12-31
HUKR17,active,2017-01-01,2017,Humanitarian response plan,2017-12-31
HYEM17,active,2017-01-01,2017,Humanitarian response plan,2017-12-31
OEUR16,active,2016-01-01,2016,Other,2016-12-31
HAFG16,active,2016-01-01,2016,Humanitarian response plan,2016-12-31
FAFG16,active,2016-09-01,2016,Flash appeal,2016-12-31
HBFA16,active,2016-01-01,2016,Humanitarian response plan,2016-12-31
HBDI16,active,2016-03-08,2016,Humanitarian response plan,2016-12-31
HCMR16,active,2016-01-01,2016,Humanitarian response plan,2016-12-31
HCAF16,active,2016-01-01,2016,Humanitarian response plan,2016-12-31
HTCD16,active,2016-01-01,2016,Humanitarian response plan,2016-12-31
HCOD16,active,2016-01-01,2016,Humanitarian response plan,2016-12-31
HDJI16,active,2016-01-01,2016,Humanitarian response plan,2016-12-31
OPRK16,active,2016-01-01,2016,Other,2016-12-31
FECU16,active,2016-04-16,2016,Flash appeal,2016-10-31
FFJI16,active,2016-02-20,2016,Flash appeal,2016-05-30
HGMB16,active,2016-01-01,2016,Humanitarian response plan,2016-12-31
HGTM16,active,2016-01-01,2016,Humanitarian response plan,2016-12-31
HHTI16,active,2016-01-01,2016,Humanitarian response plan,2016-12-31
FHTI16,active,2016-10-10,2016,Flash appeal,2016-12-31
HHND16,active,2016-01-01,2016,Humanitarian response plan,2016-12-31
HIRQ16,active,2016-01-01,2016,Humanitarian response plan,2016-12-31
FLBY16,active,2016-08-26,2016,Flash appeal,2016-12-31
HLBY1516,active,2015-10-01,2016,Humanitarian response plan,2016-12-31
HMLI16,active,2016-01-01,2016,Humanitarian response plan,2016-12-31
HMRT16,active,2016-01-01,2016,Humanitarian response plan,2016-12-31
FIRQ16,active,2016-07-20,2016,Flash appeal,2016-10-01
HMMR16,active,2016-01-01,2016,Humanitarian response plan,2016-12-31
HNER16,active,2016-01-01,2016,Humanitarian response plan,2016-12-31
HNGA16,active,2016-01-01,2016,Humanitarian response plan,2016-12-31
HPSE16,active,2016-01-01,2016,Humanitarian response plan,2016-12-31
HSSD16,active,2016-01-01,2016,Humanitarian response plan,2016-12-31
HXSHL16,active,2016-01-01,2016,Humanitarian response plan,2016-12-31
HSEN16,active,2016-01-01,2016,Humanitarian response plan,2016-12-31
HSOM16,active,2016-01-01,2016,Humanitarian response plan,2016-12-31
HSDN16,active,2016-01-01,2016,Humanitarian response plan,2016-12-31
HSYR16,active,2016-01-01,2016,Humanitarian response plan,2016-12-31
RXSYRREG16,active,2016-01-01,2016,Regional response plan,2016-12-31
HUKR1615,active,2016-01-01,2016,Humanitarian response plan,2016-12-31
HYEM16,active,2016-01-01,2016,Humanitarian response plan,2016-12-31
HZWE1617,active,2016-04-01,2016,Humanitarian response plan,2017-03-31
HAFG15,active,2015-01-01,2015,Strategic response plan,2015-12-31
HBFA15,active,2015-01-01,2015,Strategic response plan,2015-12-31
HCMR15,active,2015-01-01,2015,Strategic response plan,2015-12-31
HCAF15,active,2015-01-01,2015,Strategic response plan,2015-12-31
HTCD15,active,2015-01-01,2015,Strategic response plan,2015-12-31
HCOD15,active,2015-01-01,2015,Strategic response plan,2015-12-31
HDJI15,active,2015-01-01,2015,Strategic response plan,2015-12-31
OPRK15,active,2015-01-01,2015,Other,2015-12-31
HGMB15,active,2015-01-01,2015,Strategic response plan,2015-12-31
FGTM1415,active,2014-11-03,2015,Flash appeal,2015-09-30
FHTI15,active,2015-08-01,2015,Flash appeal,2015-12-31
FHND1415,active,2014-09-26,2015,Flash appeal,2015-09-30
FVUT15,active,2015-03-24,2015,Flash appeal,2015-10-31
HIRQ15,active,2015-01-01,2015,Strategic response plan,2015-12-31
HLBY1415,active,2014-10-01,2015,Flash appeal,2015-05-31
HMLI15,active,2015-01-01,2015,Strategic response plan,2015-12-31
HMRT15,active,2015-01-01,2015,Strategic response plan,2015-12-31
HMMR15,active,2015-01-01,2015,Strategic response plan,2015-12-31
FNPL15,active,2015-04-25,2015,Flash appeal,2015-09-30
HNER15,active,2015-01-01,2015,Strategic response plan,2015-12-31
HNGA15,active,2015-01-01,2015,Strategic response plan,2015-12-31
HPSE15,active,2015-01-01,2015,Strategic response plan,2015-12-31
HSSD15,active,2015-01-01,2015,Strategic response plan,2015-12-31
HXSHL15,active,2015-01-01,2015,Humanitarian response plan,2015-12-31
HSEN15,active,2015-01-01,2015,Strategic response plan,2015-12-31
HSOM15,active,2015-01-01,2015,Strategic response plan,2015-12-31
RXSSDREG15,active,2015-01-01,2015,Regional response plan,2015-12-31
HSDN15,active,2015-01-01,2015,Strategic response plan,2015-12-31
RXSYRREG15,active,2015-01-01,2015,Regional response plan,2015-12-31
HSYR15,active,2015-01-01,2015,Strategic response plan,2015-12-31
HUKR15,active,2015-01-01,2015,Strategic response plan,2015-12-31
HYEM15,active,2015-01-01,2015,Strategic response plan,2015-12-31
HAFG14,active,2014-01-01,2014,Strategic response plan,2014-12-31
HBFA1314,active,2013-01-01,2014,Strategic response plan,2014-12-31
HCMR14,active,2014-01-01,2014,Strategic response plan,2014-12-31
HCAF14,active,2014-01-01,2014,Strategic response plan,2014-12-31
HTCD14,active,2014-01-01,2014,Strategic response plan,2014-12-31
HCOD1415,withdrawn,2014-01-01,2014,Humanitarian response plan,2015-04-30
HDJI14,active,2014-01-01,2014,Strategic response plan,2014-12-31
RGINLBRSLE1415,active,2014-10-01,2014,Regional response plan,2015-06-30
OXEBOLA1415,withdrawn,2014-10-01,2014,Other,2015-06-30
HGMB14,active,2014-01-01,2014,Strategic response plan,2014-12-31
HHTI14,active,2014-01-01,2014,Strategic response plan,2014-12-31
HIRQ14,active,2014-04-01,2014,Strategic response plan,2014-12-31
HMLI14,active,2014-01-01,2014,Strategic response plan,2014-12-31
HMRT14,active,2014-01-01,2014,Strategic response plan,2014-12-31
SMMR14,active,2014-01-01,2014,Strategic response plan,2014-12-31
HMMR14,withdrawn,2014-02-28,2014,Humanitarian response plan,2014-12-31
HNER14,active,2014-01-01,2014,Strategic response plan,2014-12-31
HNGA14,active,2014-01-01,2014,Strategic response plan,2014-12-31
SPSE14,active,2014-01-01,2014,Strategic response plan,2014-12-31
HPSE14,withdrawn,2014-01-01,2014,Humanitarian response plan,2014-12-31
FPHL1314,active,2013-10-22,2014,Flash appeal,2014-04-22
SPHL1314,active,2013-11-08,2014,Strategic response plan,2014-11-07
HPHL1314,withdrawn,2013-11-08,2014,Humanitarian response plan,2014-05-07
HPHL1314a,active,2013-10-01,2014,Flash appeal,2014-08-31
SCOD14,active,2014-01-01,2014,Strategic response plan,2014-12-31
HCOG14,active,2014-04-10,2014,Other,2014-12-31
HSSD14,withdrawn,2014-01-01,2014,Humanitarian response plan,2014-06-30
HXSHL14,active,2014-01-01,2014,Humanitarian response plan,2014-12-31
HSEN14,active,2014-01-01,2014,Strategic response plan,2014-12-31
HSOM14,active,2014-01-01,2014,Strategic response plan,2014-12-31
SSSD14,active,2014-01-01,2014,Strategic response plan,2014-12-31
RXSSDREG14,active,2014-01-01,2014,Regional response plan,2014-12-31
HSDN14,active,2014-01-01,2014,Strategic response plan,2014-12-31
SSYR14,active,2014-01-01,2014,Strategic response plan,2014-12-31
HSYR1314,withdrawn,2013-11-09,2014,Humanitarian response plan,2014-12-31
RXSYRREG14,withdrawn,2014-01-02,2014,Regional response plan,2014-12-31
FUKR14,active,2014-08-15,2014,Flash appeal,2014-12-31
HYEM14,active,2014-01-01,2014,Strategic response plan,2014-12-31
CAFG13,active,2013-01-01,2013,Consolidated appeals process,2013-12-31
CBFA13,active,2013-01-01,2013,Consolidated appeals process,2013-12-31
CCAF13,active,2013-01-01,2013,Consolidated appeals process,2013-12-31
CTCD13,active,2013-01-01,2013,Consolidated appeals process,2013-12-31
OCUB1213,active,2012-11-01,2013,Other,2013-12-31
CCOD1314,active,2013-01-01,2013,Consolidated appeals process,2014-05-01
CDJI13,active,2013-01-01,2013,Consolidated appeals process,2013-12-31
CHTI13,active,2013-01-01,2013,Consolidated appeals process,2013-12-31
CKEN13,active,2013-01-01,2013,Consolidated appeals process,2013-12-31
CMLI13,active,2013-01-01,2013,Consolidated appeals process,2013-12-31
CMRT13,active,2013-01-01,2013,Consolidated appeals process,2013-12-31
OMMR13,active,2013-03-01,2013,Other,2013-12-31
OMMR1213,active,2012-07-01,2013,Other,2013-12-31
CNER13,active,2013-01-01,2013,Consolidated appeals process,2013-12-31
CPSE13,active,2013-01-01,2013,Consolidated appeals process,2013-12-31
CPHL1314,active,2013-01-01,2013,Consolidated appeals process,2014-08-31
CSSD13,active,2013-01-01,2013,Consolidated appeals process,2013-12-31
CSOM13,active,2013-01-01,2013,Consolidated appeals process,2013-12-31
CSDN13,active,2013-01-01,2013,Consolidated appeals process,2013-12-31
CSYR13,active,2013-01-01,2013,Consolidated appeals process,2013-12-31
RXSYRREG13,active,2013-01-01,2013,Regional response plan,2013-06-30
CYEM13,active,2013-01-01,2013,Consolidated appeals process,2013-12-31
OZWE13,active,2013-01-01,2013,Other,2013-12-31
CKEN12,active,2012-01-01,2012,Consolidated appeals process,2012-12-31
CAFG1112,active,2011-11-30,2012,Consolidated appeals process,2012-12-31
CBFA12,active,2012-04-01,2012,Consolidated appeals process,2012-12-31
CCAF12,active,2012-01-01,2012,Consolidated appeals process,2012-12-31
CTCD12,active,2012-01-01,2012,Consolidated appeals process,2012-12-31
CCIV12,active,2012-01-01,2012,Consolidated appeals process,2012-12-31
CCOD1213,active,2012-01-01,2012,Consolidated appeals process,2013-03-31
CDJI12,active,2012-01-01,2012,Consolidated appeals process,2012-12-31
CHTI12,active,2012-01-01,2012,Consolidated appeals process,2012-12-31
OPRK12,active,2012-01-01,2012,Other,2012-12-31
FLSO1213,active,2012-09-18,2012,Flash appeal,2013-03-25
CLBR12,active,2012-01-01,2012,Consolidated appeals process,2012-12-31
CMLI12,active,2012-05-01,2012,Consolidated appeals process,2012-12-31
CMRT12,active,2012-05-01,2012,Consolidated appeals process,2012-12-31
CNER12,active,2012-01-01,2012,Consolidated appeals process,2012-12-31
OPAK12,active,2012-01-01,2012,Other,2012-09-30
CPHL12,active,2012-01-01,2012,Consolidated appeals process,2012-12-31
CSSD12,active,2012-01-01,2012,Consolidated appeals process,2012-12-31
CSOM12,active,2012-01-01,2012,Consolidated appeals process,2012-12-31
OLKA12,active,2012-01-01,2012,Other,2012-12-31
CSDN12,active,2012-01-01,2012,Consolidated appeals process,2012-12-31
CSYR12,active,2012-06-05,2012,Consolidated appeals process,2012-12-05
CYEM12,active,2012-01-01,2012,Consolidated appeals process,2012-12-31
CZWE12,active,2012-01-01,2012,Consolidated appeals process,2012-12-31
CPSE12,active,2012-01-01,2012,Consolidated appeals process,2012-12-31
CKEN1113,active,2011-01-01,2011,Consolidated appeals process,2013-12-31
CAFG11,active,2011-01-01,2011,Consolidated appeals process,2011-12-31
CCAF11,active,2011-01-01,2011,Consolidated appeals process,2011-12-31
CTCD11,active,2011-01-01,2011,Consolidated appeals process,2011-12-31
CCOD1112,active,2011-01-01,2011,Consolidated appeals process,2012-12-31
CDJI1011,active,2010-10-01,2011,Consolidated appeals process,2011-12-31
FSLV1112,active,2011-10-25,2011,Flash appeal,2012-04-25
CHTI1011,active,2010-12-01,2011,Consolidated appeals process,2011-12-31
OPRK11,active,2011-05-01,2011,Other,2011-12-31
OPHL11,active,2011-01-01,2011,Other,2011-12-31
FNAM11,active,2011-04-11,2011,Flash appeal,2011-10-11
FNIC1112,active,2011-10-27,2011,Flash appeal,2012-04-26
CNER11,active,2011-01-01,2011,Consolidated appeals process,2011-12-31
FPAK1112,active,2011-09-15,2011,Flash appeal,2012-06-30
FXLBYREG11,active,2011-03-07,2011,Regional response plan,2011-12-31
CSSD11,active,2011-07-01,2011,Consolidated appeals process,2011-12-31
CSOM11,active,2011-01-01,2011,Consolidated appeals process,2011-12-31
FLKA11,active,2011-01-01,2011,Flash appeal,2011-12-31
OLKA11,active,2011-01-01,2011,Other,2011-12-31
CSDN1112,active,2011-01-01,2011,Consolidated appeals process,2012-01-31
CXWAF11,active,2011-01-01,2011,Regional response plan,2011-12-31
CYEM11,active,2011-01-01,2011,Consolidated appeals process,2011-12-31
CZWE11,active,2011-01-01,2011,Consolidated appeals process,2011-12-31
CPSE11,active,2011-01-01,2011,Consolidated appeals process,2011-12-31
CAFG10,active,2010-01-01,2010,Consolidated appeals process,2010-12-31
OBFA1011,active,2010-08-01,2010,Other,2011-01-31
CCAF10,active,2010-01-01,2010,Consolidated appeals process,2010-12-31
CTCD10,active,2010-01-01,2010,Consolidated appeals process,2010-12-31
CCOD10,active,2010-01-01,2010,Consolidated appeals process,2010-12-31
FSLV0910,active,2009-11-01,2010,Flash appeal,2010-05-31
FGTM10,active,2010-06-10,2010,Flash appeal,2010-12-09
CGTM10,active,2010-02-12,2010,Consolidated appeals process,2010-08-11
FHTI10,active,2010-01-12,2010,Flash appeal,2010-12-31
OIRQ10,active,2010-01-01,2010,Other,2010-12-31
CKEN10,active,2010-01-01,2010,Consolidated appeals process,2010-12-31
FKGZ1011,active,2010-06-01,2010,Flash appeal,2011-06-30
CMNG1011,active,2010-03-01,2010,Consolidated appeals process,2011-03-07
ONPL10,active,2010-01-01,2010,Other,2010-12-31
FPAK1011,active,2010-08-01,2010,Flash appeal,2011-07-31
OPAK10,active,2010-02-01,2010,Other,2010-12-31
OXIRQREG10,active,2010-01-01,2010,Regional response plan,2010-12-31
CCOG10,active,2010-02-20,2010,Consolidated appeals process,2010-12-31
CSOM10,active,2010-01-01,2010,Consolidated appeals process,2010-12-31
OLKA10,active,2010-01-01,2010,Other,2010-12-31
CSDN10,active,2010-01-01,2010,Consolidated appeals process,2010-12-31
CUGA10,active,2010-01-01,2010,Consolidated appeals process,2010-12-31
CXWAF10,active,2010-01-01,2010,Consolidated appeals process,2010-12-31
CYEM10,active,2010-01-01,2010,Consolidated appeals process,2010-12-31
CZWE10,active,2010-01-01,2010,Consolidated appeals process,2010-12-31
CPSE10,active,2010-01-01,2010,Consolidated appeals process,2010-12-31
CAFG09,active,2009-01-01,2009,Consolidated appeals process,2009-12-31
FBFA0910,active,2009-09-10,2009,Flash appeal,2010-03-09
CCAF09,active,2009-01-01,2009,Consolidated appeals process,2009-12-31
CTCD09,active,2009-01-01,2009,Consolidated appeals process,2009-12-31
CCIV09,active,2009-01-01,2009,Consolidated appeals process,2009-12-31
CCOD09,active,2009-01-01,2009,Consolidated appeals process,2009-12-30
FIDN09,active,2009-10-01,2009,Flash appeal,2009-12-31
CIRQ09,active,2009-01-01,2009,Consolidated appeals process,2009-12-31
CKEN09,active,2009-01-01,2009,Consolidated appeals process,2009-12-31
FLAO0910,active,2009-10-01,2009,Flash appeal,2010-04-30
FMDG09,active,2009-04-01,2009,Flash appeal,2009-10-31
FNAM09,active,2009-03-20,2009,Flash appeal,2009-09-30
ONPL09,active,2009-01-01,2009,Other,2009-12-31
CPAK0809,active,2008-09-01,2009,Consolidated appeals process,2009-12-31
FPHL0910,active,2009-10-03,2009,Flash appeal,2010-03-31
CSOM09,active,2009-01-01,2009,Consolidated appeals process,2009-12-31
CLKA09,active,2009-01-01,2009,Consolidated appeals process,2009-12-31
CSDN09,active,2009-01-01,2009,Consolidated appeals process,2009-12-31
OSYR0910,active,2009-07-15,2009,Other,2010-06-14
OTJK09,active,2009-06-01,2009,Other,2009-12-31
OTJK0809,active,2008-10-01,2009,Other,2009-12-31
CUGA09,active,2009-01-01,2009,Consolidated appeals process,2009-12-31
CXWAF09,active,2009-01-01,2009,Consolidated appeals process,2009-12-31
FYEM09,active,2009-08-01,2009,Flash appeal,2009-12-31
CZWE09,active,2009-01-01,2009,Consolidated appeals process,2009-12-31
CPSE09,active,2009-01-01,2009,Consolidated appeals process,2009-12-31
OAFG08,active,2008-02-01,2008,Other,2008-06-30
OAFG0809,active,2008-07-01,2008,Other,2009-06-30
FBOL08,active,2008-02-01,2008,Flash appeal,2008-08-31
CCAF08,active,2008-01-01,2008,Consolidated appeals process,2008-12-31
CTCD08,active,2008-01-01,2008,Consolidated appeals process,2008-12-31
OCUB0809,active,2008-10-01,2008,Other,2009-12-31
CCIV08,active,2008-01-01,2008,Consolidated appeals process,2008-12-31
CCOD08,active,2008-01-01,2008,Consolidated appeals process,2008-12-31
ODJI0809,active,2008-08-01,2008,Other,2009-02-28
FGEO0809,active,2008-08-09,2008,Flash appeal,2009-02-09
FHTI0809,active,2008-09-01,2008,Flash appeal,2009-03-31
FHND0809,active,2008-11-01,2008,Flash appeal,2009-04-30
CIRQ08,active,2008-01-01,2008,Consolidated appeals process,2008-12-31
FKEN08,active,2008-01-01,2008,Flash appeal,2008-07-01
FKGZ0809,active,2008-12-01,2008,Flash appeal,2009-05-31
OLAO0809,active,2008-10-01,2008,Other,2009-11-30
CLBR08,active,2008-03-01,2008,Consolidated appeals process,2008-12-31
FMDG08,active,2008-03-01,2008,Flash appeal,2008-06-30
FMMR08,active,2008-05-01,2008,Flash appeal,2008-11-30
ONPL08,active,2008-01-01,2008,Other,2008-12-31
ONPL0809,active,2008-10-01,2008,Other,2009-03-31
CSOM08,active,2008-01-01,2008,Consolidated appeals process,2008-12-31
FMOZ08,active,2008-02-01,2008,Flash appeal,2008-08-08
OLKA08,active,2008-01-01,2008,Other,2008-12-31
CSDN08,active,2008-01-01,2008,Consolidated appeals process,2008-12-31
OSYR0809,active,2008-10-01,2008,Other,2009-04-30
FTJK08,active,2008-02-01,2008,Flash appeal,2008-08-31
OTLS08,active,2008-04-01,2008,Other,2008-12-31
CUGA08,active,2008-01-01,2008,Consolidated appeals process,2008-12-31
CXWAF08,active,2008-01-01,2008,Consolidated appeals process,2008-12-31
FYEM0809,active,2008-11-01,2008,Flash appeal,2009-04-30
CZWE08,active,2008-01-01,2008,Consolidated appeals process,2008-12-31
CPSE08,active,2008-01-01,2008,Consolidated appeals process,2008-12-31
FBOL07,active,2007-02-22,2007,Flash appeal,2007-08-21
FBFA0708,active,2007-11-01,2007,Flash appeal,2008-01-31
CBDI07,active,2007-01-01,2007,Consolidated appeals process,2007-12-31
CCAF07,active,2007-01-01,2007,Consolidated appeals process,2007-12-31
CTCD07,active,2007-01-01,2007,Consolidated appeals process,2007-12-31
CCIV07,active,2007-01-01,2007,Consolidated appeals process,2007-12-31
CCOD07,active,2007-01-01,2007,Consolidated appeals process,2007-12-31
FDOM0708,active,2007-11-01,2007,Flash appeal,2008-05-31
FGHA0708,active,2007-09-01,2007,Flash appeal,2008-03-31
CXGLR07,active,2007-01-01,2007,Regional response plan,2007-12-31
OIRQ0708,active,2007-10-01,2007,Other,2008-12-31
FPRK07,active,2007-08-28,2007,Flash appeal,2007-11-30
OLBN07,active,2007-06-04,2007,Other,2007-09-03
FLSO0708,active,2007-07-28,2007,Flash appeal,2008-01-28
CLBR07,active,2007-01-01,2007,Consolidated appeals process,2007-12-31
FMDG07,active,2007-03-15,2007,Flash appeal,2007-09-15
FMOZ07,active,2007-03-01,2007,Flash appeal,2007-06-30
ONPL07,active,2007-01-01,2007,Other,2007-12-31
FNIC0708,active,2007-09-07,2007,Flash appeal,2008-02-28
ORUS07,active,2007-01-01,2007,Other,2007-12-31
FPAK07,active,2007-07-15,2007,Flash appeal,2007-10-31
FPER0708,active,2007-08-24,2007,Flash appeal,2008-02-28
CCOG07,active,2007-01-01,2007,Consolidated appeals process,2007-12-31
OSLB07,active,2007-04-04,2007,Other,2007-06-30
CSOM07,active,2007-01-01,2007,Consolidated appeals process,2007-12-31
OLKA07,active,2007-01-01,2007,Other,2007-06-30
FSDN0708,active,2007-08-01,2007,Flash appeal,2008-01-31
CSDN07,active,2007-01-01,2007,Consolidated appeals process,2007-12-31
FSWZ0708,active,2007-07-20,2007,Flash appeal,2008-01-20
CTLS07,active,2007-01-01,2007,Consolidated appeals process,2007-06-30
CUGA07,active,2007-01-01,2007,Consolidated appeals process,2007-12-31
FUGA0708,active,2007-09-01,2007,Flash appeal,2008-03-31
CXWAF07,active,2007-01-01,2007,Consolidated appeals process,2007-12-31
FZMB07,active,2007-03-15,2007,Flash appeal,2007-06-30
CZWE07,active,2007-01-01,2007,Consolidated appeals process,2007-12-31
CPSE07,active,2007-01-01,2007,Consolidated appeals process,2007-12-31
OAFG06,active,2006-07-01,2006,Other,2006-12-31
CBDI06,active,2006-01-01,2006,Consolidated appeals process,2006-12-31
CCAF06,active,2006-01-01,2006,Consolidated appeals process,2006-12-31
CTCD06,active,2006-01-01,2006,Consolidated appeals process,2006-12-31
CCIV06,active,2006-01-01,2006,Consolidated appeals process,2006-12-31
CCOD06,active,2006-01-01,2006,Consolidated appeals process,2006-12-31
OETH06,active,2006-01-01,2006,Other,2006-12-31
OETH06a,active,2006-08-25,2006,Other,2006-11-25
OETH0607,active,2006-11-23,2006,Other,2007-01-22
CXGLR06,active,2006-01-01,2006,Consolidated appeals process,2006-12-31
CGIN06,active,2006-01-01,2006,Consolidated appeals process,2006-12-31
FGNB06,active,2006-05-01,2006,Flash appeal,2006-11-30
CXHAF06,active,2006-01-01,2006,Regional response plan,2006-12-31
FIDN06,active,2006-05-01,2006,Flash appeal,2006-11-30
FKEN0607,active,2006-10-16,2006,Flash appeal,2007-04-15
FKEN06,active,2006-11-22,2006,Flash appeal,2006-12-31
FLBN06,active,2006-07-24,2006,Flash appeal,2006-10-23
CLBR06,active,2006-01-01,2006,Consolidated appeals process,2006-12-31
CNPL0506,active,2005-10-01,2006,Consolidated appeals process,2006-12-31
ORUS06,active,2006-01-01,2006,Other,2006-12-31
OPHL0607,active,2006-12-15,2006,Other,2007-12-31
CCOG06,active,2006-01-01,2006,Consolidated appeals process,2006-12-31
CSOM06,active,2006-01-01,2006,Consolidated appeals process,2006-12-31
FSOM0607,active,2006-12-05,2006,Flash appeal,2007-03-05
OLKA06,active,2006-09-01,2006,Other,2006-12-31
CSDN06,active,2006-01-01,2006,Consolidated appeals process,2006-12-31
OTJK06,active,2006-07-01,2006,Other,2006-12-31
FTLS06,active,2006-06-01,2006,Flash appeal,2006-12-31
CUGA06,active,2006-01-01,2006,Consolidated appeals process,2006-12-31
CXWAF06,active,2006-01-01,2006,Consolidated appeals process,2006-12-31
CZWE06,active,2006-01-01,2006,Consolidated appeals process,2006-12-31
CPSE06,active,2006-01-01,2006,Consolidated appeals process,2006-12-31
FAGO05,active,2005-04-01,2005,Flash appeal,2005-06-30
FBEN05,active,2005-05-01,2005,Flash appeal,2005-10-31
CBDI05,active,2005-01-01,2005,Consolidated appeals process,2005-12-31
CCAF05,active,2005-01-01,2005,Consolidated appeals process,2005-12-31
CTCD05,active,2005-01-01,2005,Consolidated appeals process,2005-12-31
CRUS05,active,2005-01-01,2005,Consolidated appeals process,2005-12-31
CCIV05,active,2005-01-01,2005,Consolidated appeals process,2005-12-31
CCOD05,active,2005-01-01,2005,Consolidated appeals process,2005-12-31
FDJI05,active,2005-04-01,2005,Flash appeal,2005-10-31
OSLV05,active,2005-10-01,2005,Other,2005-12-31
CERI05,active,2005-01-01,2005,Consolidated appeals process,2005-12-31
CXGLR05,active,2005-01-01,2005,Consolidated appeals process,2005-12-31
FGTM0506,active,2005-10-01,2005,Flash appeal,2006-03-31
CGIN05,active,2005-01-01,2005,Consolidated appeals process,2005-12-31
FGUY05,active,2005-02-01,2005,Flash appeal,2005-08-01
FXINDTSU05,active,2005-01-01,2005,Flash appeal,2005-06-30
FMWI0506,active,2005-09-01,2005,Flash appeal,2006-03-31
FNER05,active,2005-06-01,2005,Flash appeal,2005-09-30
CCOG05,active,2005-01-01,2005,Consolidated appeals process,2005-12-31
CSOM05,active,2005-01-01,2005,Consolidated appeals process,2005-12-31
FXSASIA0506,active,2005-10-11,2005,Flash appeal,2006-04-10
CSDN05,active,2005-01-01,2005,Consolidated appeals process,2005-12-31
CUGA05,active,2005-01-01,2005,Consolidated appeals process,2005-12-31
CXWAF05,active,2005-01-01,2005,Consolidated appeals process,2005-12-31
FXWAF0506,active,2005-11-01,2005,Flash appeal,2006-05-31
CPSE05,active,2005-01-01,2005,Consolidated appeals process,2005-12-31
OAFG04,active,2004-09-01,2004,Other,2004-12-31
CAGO04,active,2004-01-01,2004,Consolidated appeals process,2004-12-31
FBGD0405,active,2004-08-01,2004,Flash appeal,2005-01-31
FBOL0405,active,2004-11-01,2004,Flash appeal,2005-05-31
CBDI04,active,2004-01-01,2004,Consolidated appeals process,2004-12-31
CCAF04,active,2004-01-01,2004,Consolidated appeals process,2004-12-31
CTCD04,active,2004-03-01,2004,Consolidated appeals process,2004-12-31
CRUS04,active,2004-01-01,2004,Consolidated appeals process,2004-12-31
CCIV04,active,2004-01-01,2004,Consolidated appeals process,2004-12-31
CPRK04,active,2004-01-01,2004,Consolidated appeals process,2004-12-31
CCOD04,active,2004-01-01,2004,Consolidated appeals process,2004-12-31
CERI04,active,2004-01-01,2004,Consolidated appeals process,2004-12-31
CXGLR04,active,2004-01-01,2004,Consolidated appeals process,2004-12-31
FGRD0405,active,2004-09-01,2004,Flash appeal,2005-03-31
CGIN04,active,2004-01-01,2004,Consolidated appeals process,2004-12-31
FHTI04,active,2004-03-01,2004,Flash appeal,2004-08-31
FHTI0405,active,2004-10-01,2004,Flash appeal,2005-03-31
CIDN04,active,2004-01-01,2004,Consolidated appeals process,2004-12-31
FIRN04,active,2004-01-01,2004,Flash appeal,2004-03-31
FKEN04,active,2004-07-01,2004,Flash appeal,2004-12-31
CLBR04,active,2004-01-01,2004,Consolidated appeals process,2004-12-31
FMDG04,active,2004-03-19,2004,Flash appeal,2004-06-19
FPHL0405,active,2004-12-15,2004,Flash appeal,2005-03-15
CSLE04,active,2004-01-01,2004,Consolidated appeals process,2004-12-31
CSOM04,active,2004-01-01,2004,Consolidated appeals process,2004-12-31
CSDN04,active,2004-01-01,2004,Consolidated appeals process,2004-12-31
CTJK04,active,2004-01-01,2004,Consolidated appeals process,2004-12-31
CTZA04,active,2004-01-01,2004,Consolidated appeals process,2004-12-31
CUGA04,active,2004-01-01,2004,Consolidated appeals process,2004-12-31
CXWAF04,active,2004-01-01,2004,Consolidated appeals process,2004-12-31
CZWE04,active,2004-01-01,2004,Consolidated appeals process,2004-12-31
CPSE04,active,2004-01-01,2004,Consolidated appeals process,2004-12-31
OAFG03,active,2003-01-01,2003,Other,2003-12-31
CAGO03,active,2003-01-01,2003,Consolidated appeals process,2003-12-31
CBDI03,active,2003-01-01,2003,Consolidated appeals process,2003-12-31
FCAF03,active,2003-04-01,2003,Flash appeal,2003-06-30
CRUS03,active,2003-01-01,2003,Consolidated appeals process,2003-12-31
OCOL03,active,2003-01-01,2003,Other,2003-12-31
CCIV03,active,2003-04-01,2003,Consolidated appeals process,2003-12-31
FCIV0203,active,2002-11-01,2003,Flash appeal,2003-01-31
CPRK03,active,2003-01-01,2003,Consolidated appeals process,2003-12-31
CCOD03,active,2003-01-01,2003,Consolidated appeals process,2003-12-31
CERI03,active,2003-01-01,2003,Consolidated appeals process,2003-12-31
CXGLR03,active,2003-01-01,2003,Consolidated appeals process,2003-12-31
CGIN03,active,2003-01-01,2003,Consolidated appeals process,2003-12-31
OHTI03,active,2003-03-01,2003,Other,2003-08-31
CLSO0304,active,2003-07-01,2003,Consolidated appeals process,2004-06-30
CMWI03,active,2003-07-01,2003,Consolidated appeals process,2003-12-31
CMOZ0304,active,2003-07-01,2003,Consolidated appeals process,2004-06-30
CXSAF0304,active,2003-07-01,2003,Consolidated appeals process,2004-06-30
CSWZ0304,active,2003-07-01,2003,Consolidated appeals process,2004-06-30
CZMB0304,active,2003-07-01,2003,Consolidated appeals process,2004-06-30
CZWE03,active,2003-07-01,2003,Consolidated appeals process,2003-12-31
CIDN03,active,2003-01-01,2003,Consolidated appeals process,2003-12-31
CIRQ03,active,2003-04-01,2003,Consolidated appeals process,2003-12-31
CLBR03,active,2003-01-01,2003,Consolidated appeals process,2003-12-31
OCOG03,active,2003-01-01,2003,Other,2003-12-31
CSLE03,active,2003-01-01,2003,Consolidated appeals process,2003-12-31
CSOM03,active,2003-01-01,2003,Consolidated appeals process,2003-12-31
CSDN03,active,2003-01-01,2003,Consolidated appeals process,2003-12-31
CTJK03,active,2003-01-01,2003,Consolidated appeals process,2003-12-31
CUGA03,active,2003-01-01,2003,Consolidated appeals process,2003-12-31
CPSE03,active,2003-01-01,2003,Consolidated appeals process,2003-12-31
CAFG0102,active,2001-10-01,2002,Consolidated appeals process,2002-12-31
CAGO02,active,2002-01-01,2002,Consolidated appeals process,2002-12-31
CBDI02,active,2002-01-01,2002,Consolidated appeals process,2002-12-31
CPRK02,active,2002-01-01,2002,Consolidated appeals process,2002-12-31
CCOD02,active,2002-01-01,2002,Consolidated appeals process,2002-12-31
CERI02,active,2002-01-01,2002,Consolidated appeals process,2002-12-31
CXGLR02,active,2002-01-01,2002,Consolidated appeals process,2002-12-31
CGIN02,active,2002-01-01,2002,Consolidated appeals process,2002-12-31
CLSO0203,active,2002-07-01,2002,Consolidated appeals process,2003-06-30
CMWI0203,active,2002-07-01,2002,Consolidated appeals process,2003-06-30
CXSAF0203,active,2002-07-01,2002,Consolidated appeals process,2003-06-30
CSWZ0203,active,2002-07-01,2002,Consolidated appeals process,2003-07-30
CZMB0203,active,2002-07-01,2002,Consolidated appeals process,2003-06-30
CZWE0203,active,2002-07-01,2002,Consolidated appeals process,2003-06-30
CIDN02,active,2002-01-01,2002,Consolidated appeals process,2002-12-31
OIDN02,active,2002-01-01,2002,Other,2002-12-31
OLKA02,active,2002-01-01,2002,Other,2002-12-31
OKEN02,active,2002-01-01,2002,Other,2002-12-31
CLBR02,active,2002-01-01,2002,Consolidated appeals process,2002-12-31
CRUS02,active,2002-01-01,2002,Consolidated appeals process,2002-12-31
OCOG02,active,2002-01-01,2002,Other,2002-12-31
CSLE02,active,2002-01-01,2002,Consolidated appeals process,2002-12-31
CSOM02,active,2002-01-01,2002,Consolidated appeals process,2002-12-31
CXSEUR02,active,2002-01-01,2002,Consolidated appeals process,2002-12-31
CSDN02,active,2002-01-01,2002,Consolidated appeals process,2002-12-31
CTJK02,active,2002-01-01,2002,Consolidated appeals process,2002-12-31
CUGA02,active,2002-01-01,2002,Consolidated appeals process,2002-12-31
CXWAF02,active,2002-01-01,2002,Consolidated appeals process,2002-12-31
CAFG01,active,2001-01-01,2001,Consolidated appeals process,2001-09-30
CAGO01,active,2001-01-01,2001,Consolidated appeals process,2001-12-31
CBDI01,active,2001-01-01,2001,Consolidated appeals process,2001-12-31
CPRK01,active,2001-01-01,2001,Consolidated appeals process,2001-12-31
CCOD01,active,2001-01-01,2001,Consolidated appeals process,2001-12-31
ODJI01,active,2001-01-01,2001,Other,2001-12-31
OXHAF01,active,2001-01-01,2001,Other,2001-12-31
CERI01,active,2001-01-01,2001,Consolidated appeals process,2001-12-31
CETH01,active,2001-01-01,2001,Consolidated appeals process,2001-12-31
CXGLR01,active,2001-01-01,2001,Consolidated appeals process,2001-12-31
OKEN01,active,2001-01-01,2001,Other,2001-12-31
CIDN01,active,2001-01-01,2001,Consolidated appeals process,2001-12-31
CRUS01,active,2001-01-01,2001,Consolidated appeals process,2001-12-31
CCOG01,active,2001-01-01,2001,Consolidated appeals process,2001-12-31
CSLE01,active,2001-01-01,2001,Consolidated appeals process,2001-12-31
CSOM01,active,2001-01-01,2001,Consolidated appeals process,2001-12-31
CXSEUR01,active,2001-01-01,2001,Consolidated appeals process,2001-12-31
CSDN01,active,2001-01-01,2001,Consolidated appeals process,2001-12-31
CTJK01,active,2001-01-01,2001,Consolidated appeals process,2001-12-31
CTZA01,active,2001-01-01,2001,Consolidated appeals process,2001-12-31
OTZA01,active,2001-01-01,2001,Other,2001-12-31
CUGA01,active,2001-01-01,2001,Consolidated appeals process,2001-12-31
CXWAF01,active,2001-01-01,2001,Consolidated appeals process,2001-12-31
CAGO00,active,2000-01-01,2000,Consolidated appeals process,2000-12-31
CBDI00,active,2000-01-01,2000,Consolidated appeals process,2000-12-31
CPRK00,active,2000-01-01,2000,Consolidated appeals process,2000-12-31
CCOD00,active,2000-01-01,2000,Consolidated appeals process,2000-12-31
CXGLR00,active,2000-01-01,2000,Consolidated appeals process,2000-12-31
CIDN0099,active,2000-03-01,2000,Consolidated appeals process,2000-12-31
CCOG00,active,2000-01-01,2000,Consolidated appeals process,2000-12-31
CSLE00,active,2000-01-01,2000,Consolidated appeals process,2000-12-31
CSOM00,active,2000-01-01,2000,Consolidated appeals process,2000-12-31
CXSEUR00,active,2000-01-01,2000,Consolidated appeals process,2000-12-31
CSDN00,active,2000-01-01,2000,Consolidated appeals process,2000-12-31
CTJK00,active,2000-01-01,2000,Consolidated appeals process,2000-12-31
CTZA00,active,2000-01-01,2000,Consolidated appeals process,2000-12-31
CUGA00,active,2000-01-01,2000,Consolidated appeals process,2000-12-31
CTLS9900,active,1999-10-01,1999,Consolidated appeals process,2000-12-31
CRUS9900,active,1999-12-01,1999,Consolidated appeals process,2000-12-31
CIDN9900,active,1999-10-01,1999,Consolidated appeals process,2000-12-31
